Date,CS_Momentum,BuyHold_SPY
2018-01-02,1.0,1.0
2018-01-03,1.0,1.0063251012499936
2018-01-04,1.0,1.0105666654659042
2018-01-05,1.0,1.0173010122426294
2018-01-08,1.0,1.0191613361396863
2018-01-09,1.0,1.0214681506373473
2018-01-10,1.0,1.019905465698509
2018-01-11,1.0,1.0273466326336316
2018-01-12,1.0,1.0340436700099316
2018-01-16,1.0,1.0305091189320759
2018-01-17,1.0,1.04033171916571
2018-01-18,1.0,1.0385831304902708
2018-01-19,1.0,1.043308237401001
2018-01-22,1.0,1.051791172853165
2018-01-23,1.0,1.0540240118155004
2018-01-24,1.0,1.0536145733091116
2018-01-25,1.0,1.0540609352566108
2018-01-26,1.0,1.0662647114825463
2018-01-29,1.0,1.0591956736533874
2018-01-30,1.0,1.0483311119230547
2018-01-31,1.0,1.0488519640182992
2018-02-01,1.0,1.0476616654916346
2018-02-02,1.0,1.0248541073790272
2018-02-05,1.0,0.9819919746193152
2018-02-06,1.0,1.001339021515945
2018-02-07,1.0,0.9959072874264745
2018-02-08,1.0,0.9585518291898454
2018-02-09,1.0,0.9729506203652716
2018-02-12,1.0,0.9872380622783948
2018-02-13,1.0,0.9896939213980988
2018-02-14,1.0,1.0030508797299311
2018-02-15,1.0,1.0158497408926466
2018-02-16,1.0,1.0161475728305225
2018-02-20,1.0,1.0097853551597613
2018-02-21,1.0,1.004762416311155
2018-02-22,1.0,1.006064385732885
2018-02-23,1.0,1.022100416321447
2018-02-26,1.0,1.0339694371683963
2018-02-27,1.0,1.0210586478044057
2018-02-28,1.0,1.010715452781737
2018-03-01,1.0,0.9960188939949872
2018-03-02,1.0,1.0011531821058965
2018-03-05,1.0,1.0127242423618648
2018-03-06,1.0,1.0152920296828438
2018-03-07,1.0,1.014919321637908
2018-03-08,1.0,1.0198309755507635
2018-03-09,1.0,1.0375782854143396
2018-03-12,1.0,1.036276380319162
2018-03-13,1.0,1.0295792786163094
2018-03-14,1.0,1.0242955599240424
2018-03-15,1.0,1.0231794942389132
2018-03-16,1.0,1.0242888699625867
2018-03-19,1.0,1.0104299072153797
2018-03-20,1.0,1.0121487126970312
2018-03-21,1.0,1.0102059221597244
2018-03-22,1.0,0.9849536977475405
2018-03-23,1.0,0.9639597624549062
2018-03-26,1.0,0.9903328770436536
2018-03-27,1.0,0.9734851740161887
2018-03-28,1.0,0.9706089408761781
2018-03-29,1.0,0.9830109072102335
2018-04-02,1.0,0.9617931155150488
2018-04-03,1.0,0.9741204630482542
2018-04-04,1.0,0.984542779730445
2018-04-05,1.0,0.9923127196751756
2018-04-06,1.0,0.9701982158387401
2018-04-09,1.0,0.9749798657890799
2018-04-10,1.0,0.9904823076250111
2018-04-11,1.0,0.9852899326372332
2018-04-12,1.0,0.9933961074716567
2018-04-13,1.0,0.9904823076250112
2018-04-16,1.0,0.9986257275333071
2018-04-17,1.0,1.0093094673246834
2018-04-18,1.0,1.0100567488845764
2018-04-19,1.0,1.0044530699203884
2018-04-20,1.0,0.9959362343750794
2018-04-23,1.0,0.9957866108140643
2018-04-24,1.0,0.9823761327905877
2018-04-25,1.0,0.9848041385130778
2018-04-26,1.0,0.9948153441985158
2018-04-27,1.0,0.9957494943932966
2018-04-30,1.0,0.9880916756294986
2018-05-01,1.0,0.9898472758991556
2018-05-02,1.0,0.9831980974778836
2018-05-03,1.0,0.9810313218849214
2018-05-04,1.0,0.9937321493816922
2018-05-07,1.0,0.9970944982786204
2018-05-08,1.0,0.9970944982786204
2018-05-09,1.0,1.0067318380411783
2018-05-10,1.0,1.0161453214011857
2018-05-11,1.0,1.0192460542092714
2018-05-14,1.0,1.0197317840068745
2018-05-15,1.0,1.0127088683158272
2018-05-16,1.0,1.0169675433946916
2018-05-17,1.0,1.0161080120007608
2018-05-18,1.0,1.0135676277911283
2018-05-21,1.0,1.0211884587872635
2018-05-22,1.0,1.0183494707211256
2018-05-23,1.0,1.0211509564071812
2018-05-24,1.0,1.019059056921279
2018-05-25,1.0,1.0166313085049987
2018-05-29,1.0,1.0049387353914392
2018-05-30,1.0,1.0183494707211256
2018-05-31,1.0,1.0121110816638441
2018-06-01,1.0,1.0220477328749844
2018-06-04,1.0,1.0269041302792794
2018-06-05,1.0,1.027651025879858
2018-06-06,1.0,1.0362428018587793
2018-06-07,1.0,1.0361306163512942
2018-06-08,1.0,1.0391938467792974
2018-06-11,1.0,1.040575967085389
2018-06-12,1.0,1.04192116395037
2018-06-13,1.0,1.0385961244538668
2018-06-14,1.0,1.0412112561174545
2018-06-15,1.0,1.0398831057888744
2018-06-18,1.0,1.0377441192665737
2018-06-19,1.0,1.0337665512219465
2018-06-20,1.0,1.0355302566372129
2018-06-21,1.0,1.0290384209632506
2018-06-22,1.0,1.030914440539107
2018-06-25,1.0,1.0168812814878465
2018-06-26,1.0,1.0191321318848698
2018-06-27,1.0,1.0106897221607536
2018-06-28,1.0,1.01646849800073
2018-06-29,1.0,1.017931798416022
2018-07-02,1.0,1.0201079656856429
2018-07-03,1.0,1.0165059360542599
2018-07-05,1.0,1.0247985292377038
2018-07-06,1.0,1.0334663392016294
2018-07-09,1.0,1.0427720755862713
2018-07-10,1.0,1.046524243391089
2018-07-11,1.0,1.0388695766283613
2018-07-12,1.0,1.0482882704391177
2018-07-13,1.0,1.0491136444336937
2018-07-16,1.0,1.0481754416661082
2018-07-17,1.0,1.0524153977182076
2018-07-18,1.0,1.054629517653778
2018-07-19,1.0,1.0506519496091509
2018-07-20,1.0,1.049451358834093
2018-07-23,1.0,1.0514024474966668
2018-07-24,1.0,1.0566932421097042
2018-07-25,1.0,1.0656983805147144
2018-07-26,1.0,1.0631846918243515
2018-07-27,1.0,1.055980182275718
2018-07-30,1.0,1.0504647593415009
2018-07-31,1.0,1.0556427251815284
2018-08-01,1.0,1.0538789554397094
2018-08-02,1.0,1.0596199072668409
2018-08-03,1.0,1.0641605256251243
2018-08-06,1.0,1.068062574297167
2018-08-07,1.0,1.071590113780805
2018-08-08,1.0,1.0711396349339486
2018-08-09,1.0,1.0696763988452087
2018-08-10,1.0,1.0625092630235529
2018-08-13,1.0,1.0585320166116878
2018-08-14,1.0,1.0652858543338075
2018-08-15,1.0,1.057330718244553
2018-08-16,1.0,1.065886535680651
2018-08-17,1.0,1.0696388964651262
2018-08-20,1.0,1.0719272492422323
2018-08-21,1.0,1.0744418385043295
2018-08-22,1.0,1.0738036547774035
2018-08-23,1.0,1.0723778567421938
2018-08-24,1.0,1.0788323186891782
2018-08-27,1.0,1.087349411540697
2018-08-28,1.0,1.0878750881273758
2018-08-29,1.0,1.0937286757478595
2018-08-30,1.0,1.089301079142243
2018-08-31,1.0,1.0893387745019827
2018-09-04,1.0,1.0874622403137066
2018-09-05,0.9940178399616875,1.0845353821769124
2018-09-06,0.9864865201654209,1.0812711955990335
2018-09-07,0.984393908715921,1.079169518477158
2018-09-10,0.9852604469153471,1.0810460526654342
2018-09-11,0.9943270769705526,1.0846102582839727
2018-09-12,0.9909148920302059,1.084873225230417
2018-09-13,0.9923830573708896,1.0912896701848995
2018-09-14,0.9979162849658184,1.0914772464118643
2018-09-17,0.9858060998274549,1.0856990495108603
2018-09-18,0.9831035684960381,1.091589946531769
2018-09-19,0.9784472315137127,1.092753099253297
2018-09-20,0.972900163158345,1.1016082924645298
2018-09-21,0.9671168469516722,1.1006019678778924
2018-09-24,0.9692647670577628,1.0969459039424454
2018-09-25,0.9658033197980345,1.0959278719232606
2018-09-26,0.9673632568438223,1.0926491475445264
2018-09-27,0.9721261068460106,1.0957018284179265
2018-09-28,0.975431407885593,1.0958153004564608
2018-10-01,0.9753455045392326,1.0996220171777622
2018-10-02,0.9643781184338802,1.0989811960621854
2018-10-03,0.9657516478027136,1.0995844504711272
2018-10-04,0.957027581223894,1.0909908090221845
2018-10-05,0.9527223395149174,1.08488403209123
2018-10-08,0.9583663292632166,1.08488403209123
2018-10-09,0.9629828099746676,1.0833009556352629
2018-10-10,0.9525870522021892,1.04900042970137
2018-10-11,0.9329814573866155,1.0258944607119145
2018-10-12,0.9341412278688428,1.0401424704483813
2018-10-15,0.9368943414378605,1.0343000113214726
2018-10-16,0.9489387456111216,1.056915683328101
2018-10-17,0.9431576210271763,1.0571041601268
2018-10-18,0.941963470006598,1.0418382470242533
2018-10-19,0.9378443821710152,1.0412733955671283
2018-10-22,0.9370743356474871,1.036599363939049
2018-10-23,0.9321454553293618,1.031321820595818
2018-10-24,0.9347059479332244,1.00007436149464
2018-10-25,0.9464772986311248,1.0180161948528463
2018-10-26,0.9396542741897933,1.0001121211809323
2018-10-29,0.9452166339642549,0.9945712249319423
2018-10-30,0.9499372660414157,1.0093092100184744
2018-10-31,0.9448695642206584,1.0200896326181934
2018-11-01,0.9374155690095777,1.0309451243046297
2018-11-02,0.9358389904387627,1.0248391836188573
2018-11-05,0.9502614764133701,1.0304929729674093
2018-11-06,0.9513548635814817,1.0370138199165295
2018-11-07,0.9584264099506915,1.0592151002722296
2018-11-08,0.962692168993414,1.0572925725989468
2018-11-09,0.9706348960752148,1.0469648159488678
2018-11-12,0.9674318713441551,1.0274022107749545
2018-11-13,0.9621922924795583,1.025479876081329
2018-11-14,0.991738300203381,1.0184687964759338
2018-11-15,0.9595672869130982,1.0290981160039312
2018-11-16,0.9791058029375246,1.0317746795251153
2018-11-19,0.9741224833081956,1.0143225642107643
2018-11-20,0.9568090403369184,0.9955514329382821
2018-11-21,0.9550976176864612,0.9989437580086553
2018-11-23,0.9484441298373903,0.992271872314366
2018-11-26,0.9485247095296225,1.0082916282851564
2018-11-27,0.9486238581260897,1.0116838890289772
2018-11-28,0.9731454696137579,1.0349785921233416
2018-11-29,0.9731084437080135,1.0327166775592955
2018-11-30,0.9816080141751071,1.0390116096561866
2018-12-03,0.9762424754668854,1.0527693867363785
2018-12-04,0.9705756919613354,1.0186572089480799
2018-12-06,0.9727484947576075,1.0171116991987477
2018-12-07,0.9643729026686453,0.9934780594994872
2018-12-10,0.9756187262601788,0.9953629561395827
2018-12-11,0.9688007214909264,0.9955892569511264
2018-12-12,0.9544691543577211,1.0006022251841016
2018-12-13,0.9539875833098137,1.0002628382933383
2018-12-14,0.9338015732927697,0.9817933342253271
2018-12-17,0.9056159960610759,0.9625319702965701
2018-12-18,0.9180119170653807,0.9614768218566176
2018-12-19,0.9132832202021471,0.9470780306811915
2018-12-20,0.8963099211320498,0.9316613361396855
2018-12-21,0.8888083257640134,0.9125722387184084
2018-12-24,0.8739039874749326,0.8884592375502383
2018-12-26,0.8783382370605619,0.9333485572840806
2018-12-27,0.8831619435050896,0.9405142135950301
2018-12-28,0.8721659438094096,0.9393010791422431
2018-12-31,0.8605263691863686,0.9475283165483906
2019-01-02,0.8524855516175891,0.9485136063523748
2019-01-03,0.8487053079665445,0.9258797299314012
2019-01-04,0.8476596716314435,0.9568926544223209
2019-01-07,0.8388621728618154,0.9644375157600042
2019-01-08,0.8425147018367674,0.9734987469187569
2019-01-09,0.8235984413489276,0.9780485639740418
2019-01-10,0.8276978814068757,0.9814983326557593
2019-01-11,0.8428343036077355,0.9818777949887032
2019-01-14,0.8650813731451902,0.975887320464591
2019-01-15,0.8609640567406946,0.9870717781402927
2019-01-16,0.854480461837218,0.9894604803392315
2019-01-17,0.8568103240657248,0.9969669387250982
2019-01-18,0.854541433841271,1.0102366059252463
2019-01-22,0.8531797952207965,0.9965877980249165
2019-01-23,0.8549947785294735,0.9986732005290204
2019-01-24,0.8533340992876076,0.9992039589133431
2019-01-25,0.8431793979993423,1.0076583977027689
2019-01-28,0.8408857155392692,1.0000000643265512
2019-01-29,0.8392390271507336,0.9986732005290203
2019-01-30,0.830085869229577,1.014482801652934
2019-01-31,0.8367012479148217,1.0233926724337554
2019-02-01,0.8248025534725993,1.023885542478681
2019-02-04,0.8143337379603859,1.0310890228024752
2019-02-05,0.8176259940503893,1.0354113168417194
2019-02-06,0.8186547704277203,1.0340464360516863
2019-02-07,0.8288775802138144,1.0241887778469632
2019-02-08,0.8317021636494979,1.025440057945357
2019-02-11,0.8291593295011205,1.0260085760159723
2019-02-12,0.8192306693847334,1.039202466537326
2019-02-13,0.8070736136650868,1.0425764585402493
2019-02-14,0.8062416819267693,1.0402639189794196
2019-02-15,0.8000338452655958,1.051600058665815
2019-02-19,0.8019764462446639,1.0534199211613764
2019-02-20,0.7925983209294715,1.05554327633143
2019-02-21,0.7978624093397918,1.0517895003628008
2019-02-22,0.794093668030833,1.0583107975977883
2019-02-25,0.7999661798602267,1.0597511977604057
2019-02-26,0.8017662549647913,1.0589932379928046
2019-02-27,0.7928066465460832,1.0585379346545138
2019-02-28,0.7943105538828655,1.0565666474544686
2019-03-01,0.7929563814743855,1.0631635927151455
2019-03-04,0.7930331837335972,1.0592967306672967
2019-03-05,0.7973594216572386,1.0578556229126022
2019-03-06,0.800135065514377,1.0514480550223588
2019-03-07,0.8060236473013387,1.0426527498314633
2019-03-08,0.8122710191757512,1.0405674116539116
2019-03-11,0.801803108956784,1.055656748369964
2019-03-12,0.8044923867637194,1.0596372754360042
2019-03-13,0.8004261559083736,1.0666517000221272
2019-03-14,0.8017952691625524,1.0659691953005581
2019-03-15,0.7970959462355656,1.071235867456424
2019-03-18,0.7920848291889673,1.0751196473875688
2019-03-19,0.7919233706046315,1.0753863452740557
2019-03-20,0.7905391184727711,1.0721496904606285
2019-03-21,0.7925056000849133,1.084259163960662
2019-03-22,0.8097584927732384,1.0633910514046336
2019-03-25,0.8103656163140568,1.0625915366841454
2019-03-26,0.802886883000157,1.070512193741283
2019-03-27,0.8021055093192387,1.0649144971464732
2019-03-28,0.7971055915495286,1.0689506666803887
2019-03-29,0.7908020533579975,1.0756911244795972
2019-04-01,0.7782973963677321,1.0884478517504532
2019-04-02,0.7782616555445996,1.088980990217217
2019-04-03,0.7753595436000598,1.090694520921567
2019-04-04,0.7695881052174393,1.0935888298228182
2019-04-05,0.7660999635127794,1.0988814899058765
2019-04-08,0.7651602665601939,1.0997199221906013
2019-04-09,0.7723344746523487,1.0940836296643175
2019-04-10,0.768992326483118,1.0978159848909785
2019-04-11,0.7642661557821185,1.0975110770323324
2019-04-12,0.7586792404167388,1.1049366769417608
2019-04-15,0.7577200635717514,1.104213517839039
2019-04-16,0.7444376357116379,1.104936676941761
2019-04-17,0.7411829699504402,1.1022332892482025
2019-04-18,0.7425937525516715,1.1044034098218924
2019-04-22,0.7372529405221234,1.1053555714513612
2019-04-23,0.7290607581782187,1.1152947957245998
2019-04-24,0.7366607740484146,1.1128193813329488
2019-04-25,0.7443125255343369,1.1121341748961766
2019-04-26,0.7531770574933924,1.1173128483282813
2019-04-29,0.7460770312611732,1.119064203045476
2019-04-30,0.7487294128797397,1.1196356801375043
2019-05-01,0.7544093068855283,1.1112198372795528
2019-05-02,0.7606392111317488,1.1088208428322208
2019-05-03,0.7602412019102684,1.1196737614565588
2019-05-06,0.7591858348311448,1.1150661791571677
2019-05-07,0.7651926364695627,1.0964449287519105
2019-05-08,0.7571640271943246,1.0949219332959381
2019-05-09,0.761623894975635,1.0916086012319821
2019-05-10,0.7633469319087073,1.097092439828943
2019-05-13,0.7814131665701974,1.0695220794458655
2019-05-14,0.7716116295849219,1.0791943485264075
2019-05-15,0.7750351932674423,1.0855159761425683
2019-05-16,0.7684879802196392,1.0955691870667608
2019-05-17,0.7741815997158749,1.0884860617226138
2019-05-20,0.7672863976705749,1.081288435115093
2019-05-21,0.7668849164014995,1.0910375100992689
2019-05-22,0.7837201724877676,1.0876866113286778
2019-05-23,0.8064287454773235,1.0743962309786386
2019-05-24,0.8009419320139551,1.0768334997246825
2019-05-28,0.8018345362268479,1.0668184987726494
2019-05-29,0.7964791140442251,1.0596593394434983
2019-05-30,0.8132679639410871,1.062553455365092
2019-05-31,0.8437231321334309,1.0482353296864468
2019-06-03,0.8515365069412212,1.0455698303322853
2019-06-04,0.8659128470230067,1.0682653315905126
2019-06-05,0.881392668208856,1.0775187061614546
2019-06-06,0.8805263208343633,1.0845254758878353
2019-06-07,0.889813252401791,1.0953785231652784
2019-06-10,0.902522423859694,1.1004051286273746
2019-06-11,0.9006383119415453,1.1001384307408877
2019-06-12,0.9071116380233208,1.0981965407753154
2019-06-13,0.9077767083464026,1.1027280890897024
2019-06-14,0.8978044099850473,1.1015094868799566
2019-06-17,0.9074751097975567,1.1019285100426617
2019-06-18,0.9139075897092569,1.1134665064506668
2019-06-19,0.9182132865207472,1.1159798735082673
2019-06-20,0.9172012804580126,1.1266425141904375
2019-06-21,0.9141784978466253,1.1250048888179869
2019-06-24,0.9015268624031282,1.1236271427174624
2019-06-25,0.8938483083871407,1.1126068464036312
2019-06-26,0.8931389632013363,1.1114969560675378
2019-06-27,0.8992795211178667,1.1154383725896844
2019-06-28,0.9094448428469583,1.121178359518529
2019-07-01,0.9205726587280352,1.1313568785669075
2019-07-02,0.9351807854181701,1.1343032919756486
2019-07-03,0.934004954411363,1.1433717920348292
2019-07-05,0.9193262456220442,1.1420711091441482
2019-07-08,0.9243625510165243,1.1357956679926515
2019-07-09,0.9209871266648986,1.1372114954122305
2019-07-10,0.9167320746650861,1.142644901992065
2019-07-11,0.9129282528267224,1.14532358828948
2019-07-12,0.9104097619023369,1.1504513150920388
2019-07-15,0.917500056777923,1.150834058079158
2019-07-16,0.9244694325352542,1.1471220300430736
2019-07-17,0.9287288940356517,1.1393158742493097
2019-07-18,0.929657320773073,1.1434868079106226
2019-07-19,0.9287525966517913,1.137135075467912
2019-07-22,0.9243298247434583,1.1399282630287004
2019-07-23,0.9261324573085902,1.1480789518374241
2019-07-24,0.9257119856152395,1.153474277098204
2019-07-25,0.9326759887712213,1.1479643219209459
2019-07-26,0.9334517705021276,1.1556552045327069
2019-07-29,0.9406126513317037,1.153550697042523
2019-07-30,0.9367201363627726,1.15071942816268
2019-07-31,0.9336049741770588,1.1381296926220026
2019-08-01,0.9541412595975032,1.1282190293380547
2019-08-02,0.9449778645634246,1.119723936167476
2019-08-05,0.9194732168449812,1.0860506584465914
2019-08-06,0.9265634098379563,1.1012802270470001
2019-08-07,0.9279931872447131,1.1019306971454454
2019-08-08,0.9416647515322499,1.123550336813829
2019-08-09,0.9334660209881518,1.1158974068680179
2019-08-12,0.9225459497584767,1.1023131828263548
2019-08-13,0.9342893440697817,1.1194563377092548
2019-08-14,0.9085640535608155,1.086356466876972
2019-08-15,0.9017607223929264,1.0892264603413944
2019-08-16,0.9172680318583285,1.1052980635134653
2019-08-19,0.9324142772290712,1.1186140458313825
2019-08-20,0.9237022600775605,1.1100430473289047
2019-08-21,0.9360290197224084,1.1190734660690307
2019-08-22,0.937333826862899,1.1187289330540708
2019-08-23,0.9102032097910909,1.0899915603563182
2019-08-26,0.910667454085415,1.102045327061924
2019-08-27,0.9026732040749949,1.0977211675526584
2019-08-28,0.9016800480142927,1.1054514180145232
2019-08-29,0.9105492381600463,1.1195707103195238
2019-08-30,0.9089647545916161,1.1190734660690311
2019-09-03,0.8902405085908802,1.1125302978062084
2019-09-04,0.8779199710583835,1.1251576000535208
2019-09-05,0.8730092948602047,1.1396225832514253
2019-09-06,0.8678732246125082,1.1405023131828274
2019-09-09,0.8471943795946495,1.1410762346838488
2019-09-10,0.8387373723331467,1.1408085075725227
2019-09-11,0.8454258153955401,1.1489206004497723
2019-09-12,0.8490314130279168,1.1529006129033927
2019-09-13,0.835487944450463,1.1521349982760494
2019-09-16,0.8083657521082636,1.1485761960879173
2019-09-17,0.8243186902974053,1.151484528177604
2019-09-18,0.8306633763865918,1.1521734655544187
2019-09-19,0.8364530076673569,1.152096659650785
2019-09-20,0.8335458783078595,1.146653346781872
2019-09-23,0.8358999373836021,1.1463840758332868
2019-09-24,0.8471849017866323,1.1373886507376976
2019-09-25,0.8509684185488742,1.1441159215936523
2019-09-26,0.8621762975286315,1.14173262282512
2019-09-27,0.8652619297058654,1.1355819751853897
2019-09-30,0.8788343285612028,1.1408486473412556
2019-10-01,0.8861410414081037,1.127278446488028
2019-10-02,0.898681682317403,1.1073652616032241
2019-10-03,0.892589519954108,1.1164381358679716
2019-10-04,0.8909245661540881,1.1315456126718166
2019-10-07,0.8913645628163573,1.1266632273403292
2019-10-08,0.9084201270686381,1.1091723231148467
2019-10-09,0.907126260891274,1.1197052814672637
2019-10-10,0.8986095813767879,1.1272784464880283
2019-10-11,0.8820087468977825,1.1389646512728946
2019-10-14,0.879792706497141,1.1376962603115472
2019-10-15,0.8613096446495642,1.1489598396467708
2019-10-16,0.8688306451523286,1.1471146968160937
2019-10-17,0.8669983351054825,1.1504972442504935
2019-10-18,0.8735783545875148,1.1454612471117385
2019-10-21,0.8705897091628908,1.1532266198712446
2019-10-22,0.8709956369872754,1.1494596569593616
2019-10-23,0.8731559477197602,1.1528038657684971
2019-10-24,0.8715758962209849,1.1546878618368583
2019-10-25,0.8635311735439429,1.1594158634424492
2019-10-28,0.8432737745292956,1.1659510552127674
2019-10-29,0.8398880992904859,1.1656053643198634
2019-10-30,0.8450011268074465,1.1691806341054243
2019-10-31,0.8571336005178825,1.1660663283947703
2019-11-01,0.8385710054691107,1.1768685576957723
2019-11-04,0.8140835030312012,1.1815970739137829
2019-11-05,0.7989730889964072,1.1802904729802761
2019-11-06,0.8105560867600017,1.1805591006633367
2019-11-07,0.7953619674905863,1.1847107363589127
2019-11-08,0.7882973628650627,1.1876325770246154
2019-11-11,0.7977463293668041,1.1853646800911908
2019-11-12,0.8012690090172597,1.1878631233886214
2019-11-13,0.8067700901764471,1.1882477961723144
2019-11-14,0.8124389067477455,1.1899777944740935
2019-11-15,0.8025567014815492,1.19858828947978
2019-11-18,0.8169033029389638,1.199472779576064
2019-11-19,0.824583905792075,1.19912683137695
2019-11-20,0.8197898354550416,1.1946673288013148
2019-11-21,0.8094445426187984,1.1927451227607941
2019-11-22,0.8046382701787086,1.1953979497841216
2019-11-25,0.8038283087873944,1.2046623885220862
2019-11-26,0.8125196077288829,1.2073918927959424
2019-11-27,0.8116656740310737,1.2127738381338111
2019-11-29,0.8350213540481871,1.2082761255860164
2019-12-02,0.8337132792057468,1.1980121808759747
2019-12-03,0.8380343359916875,1.1899777944740932
2019-12-04,0.8265347784253675,1.1973200271715372
2019-12-05,0.8280481587348937,1.1994727795760636
2019-12-06,0.8179601841231321,1.210428749337438
2019-12-09,0.8268059255754473,1.206623061840976
2019-12-10,0.8237569454008267,1.20527747901668
2019-12-11,0.8287425241449711,1.2086991369949738
2019-12-12,0.8086919603687411,1.219116564859178
2019-12-13,0.8154941857046397,1.2198471858419846
2019-12-16,0.806165971569268,1.2282275204429798
2019-12-17,0.8034534109088278,1.2284965340853549
2019-12-18,0.8047370198860954,1.2285735972951983
2019-12-19,0.8051720579267767,1.2336092084746386
2019-12-20,0.8064457293387973,1.2390175276990147
2019-12-23,0.8079484513529144,1.2409107867909297
2019-12-24,0.8135925056321519,1.2409495113755087
2019-12-26,0.8110169014744326,1.2475554623535294
2019-12-27,0.8133066157056048,1.247246308942421
2019-12-30,0.8249032815764911,1.240369929137871
2019-12-31,0.8238872586571354,1.2433831135080624
2020-01-02,0.8217664909020362,1.2550111670895074
2020-01-03,0.8178752807411008,1.2455078195357177
2020-01-06,0.8188219892341585,1.2502596219657174
2020-01-07,0.8223751784295439,1.2467443045270463
2020-01-08,0.8299661057785297,1.2533884654772267
2020-01-09,0.8295450143086673,1.261887289587848
2020-01-10,0.8239626711537096,1.2582561843547542
2020-01-13,0.8299296493655826,1.266909392191272
2020-01-14,0.8287156471695708,1.2649779231271976
2020-01-15,0.8366363194266493,1.2678364664652824
2020-01-16,0.8459464434590237,1.278383190699925
2020-01-17,0.8537374937286177,1.2823623025818112
2020-01-21,0.8641074028024744,1.2798509939738894
2020-01-22,0.8664177947976404,1.2800052490466811
2020-01-23,0.8683067628566722,1.281473824239275
2020-01-24,0.8702836079466875,1.2700768316342554
2020-01-27,0.8656321424280058,1.249718507006449
2020-01-28,0.8663800361613416,1.262814363861858
2020-01-29,0.8706540716686979,1.26177137314032
2020-01-30,0.8833254807711355,1.2658665301228385
2020-01-31,0.8768547355914706,1.2428805944802677
2020-02-03,0.8895212585533623,1.252113513207528
2020-02-04,0.8949584063939312,1.271197528831161
2020-02-05,0.8982870258992004,1.2858768481018523
2020-02-06,0.9050108739253862,1.290204095285636
2020-02-07,0.9011126228743858,1.2833281014404005
2020-02-10,0.9139793155478689,1.292908512204034
2020-02-11,0.9074600530627521,1.295148877373007
2020-02-12,0.9017954417402538,1.3034929317984165
2020-02-13,0.9021267986029786,1.3021024490405055
2020-02-14,0.902970026727809,1.3041886877897915
2020-02-18,0.8968059772734368,1.3008277540770172
2020-02-19,0.9031637882035747,1.3070473597809813
2020-02-20,0.8991410608975572,1.3016772505287646
2020-02-21,0.893129180683909,1.2882728835277713
2020-02-24,0.8829218726904613,1.245546544120296
2020-02-25,0.86666027496999,1.2078038400378757
2020-02-26,0.8757584549855282,1.2033611910189843
2020-02-27,0.8678193541891173,1.149316208747382
2020-02-28,0.8590608367430722,1.1444873431075386
2020-03-02,0.8734339277817363,1.1940510804287752
2020-03-03,0.8616970654047,1.15986254702271
2020-03-04,0.8823642404061728,1.2086149978643588
2020-03-05,0.8913015498537433,1.1684386916493845
2020-03-06,0.9172753525361664,1.1491229717838012
2020-03-09,0.9602110663663657,1.059382863921038
2020-03-10,0.9386774725315132,1.1142008583735161
2020-03-11,0.9365933212344745,1.05988506131607
2020-03-12,0.9173918998012716,0.9584781752872825
2020-03-13,0.922648132508413,1.0404150220511423
2020-03-16,0.9134187756126579,0.9265688602878742
2020-03-17,0.9823873763373177,0.9765961990726685
2020-03-18,1.0347148719645525,0.927148313872407
2020-03-19,0.962442293222813,0.929118700500718
2020-03-20,0.9541663781105691,0.8890787665769527
2020-03-23,0.964346972655431,0.8663466635103773
2020-03-24,0.9781547611073365,0.9448404958805277
2020-03-25,0.9659448183760866,0.9589848755409863
2020-03-26,1.011822352557979,1.0149799815768754
2020-03-27,1.0293894327026443,0.9847481100858888
2020-03-30,1.0635681187716688,1.0167281842929998
2020-03-31,1.0466862356222746,1.001573749105861
2020-04-01,1.0294776254646203,0.9564978823698931
2020-04-02,0.9839196126335863,0.9785696090489447
2020-04-03,0.9434756694836592,0.9644251650619335
2020-04-06,0.9662415354025515,1.0292019390595972
2020-04-07,0.9509621263383906,1.0302511694567238
2020-04-08,0.9430578979885792,1.0648348608745326
2020-04-09,0.9616221217380619,1.0810392340508748
2020-04-13,0.974216571096006,1.071168839188765
2020-04-14,1.0181482778621638,1.10276102428456
2020-04-15,1.050311370711453,1.0793290483272524
2020-04-16,1.0637931217690542,1.0845364114017528
2020-04-17,1.0429431631204027,1.11383574086177
2020-04-20,1.0585287693021284,1.0942121541161276
2020-04-21,1.1108622426130488,1.0609880687110504
2020-04-22,1.1360053798472207,1.084536411401753
2020-04-23,1.124102456603438,1.084458704926385
2020-04-24,1.1466096377264463,1.0995744155289446
2020-04-27,1.1736553375560095,1.1154285949537108
2020-04-28,1.1560335555761694,1.1102993243138932
2020-04-29,1.153737784401687,1.1393654056947011
2020-04-30,1.1356217451765038,1.1287571852759095
2020-05-01,1.1426812245888875,1.0988750572506316
2020-05-04,1.1161395564707202,1.1019061244024062
2020-05-05,1.085050325754161,1.1120867019004637
2020-05-06,1.1152492775412792,1.1045484018711307
2020-05-07,1.1220977558288645,1.1178766062340149
2020-05-08,1.097632479888249,1.136373577739925
2020-05-11,1.1075602605121286,1.1366066971660294
2020-05-12,1.1458213095868572,1.1139525578810319
2020-05-13,1.1831486024128008,1.0942507500476015
2020-05-14,1.1689537593100814,1.107346349596801
2020-05-15,1.1673554474061558,1.1124366383458295
2020-05-18,1.0815562348012502,1.1463211644649827
2020-05-19,1.0950480246871614,1.1345469609563552
2020-05-20,1.0852517794726428,1.1538207399097364
2020-05-21,1.078152625185218,1.1458547969596693
2020-05-22,1.0875684179828002,1.1480308355761852
2020-05-26,1.0485385330821906,1.1621749579304341
2020-05-27,1.045190734088886,1.1794669644557196
2020-05-28,1.0586049816573622,1.1772907971860989
2020-05-29,1.062831552032078,1.1825371421513882
2020-06-01,1.055217654326166,1.1873167336520496
2020-06-02,1.0420626025052289,1.1971477606640557
2020-06-03,1.012463913199778,1.2130793892579803
2020-06-04,0.9914019476653197,1.2098931664616794
2020-06-05,0.9592589322501498,1.2409021670328992
2020-06-08,0.9545294196641307,1.255901189269302
2020-06-09,0.9814596096687302,1.2465367870688193
2020-06-10,1.0144477366153053,1.2395810282985371
2020-06-11,1.0422221141184902,1.1681201465616171
2020-06-12,1.0397695871881716,1.1821093705775496
2020-06-15,1.0489106417094503,1.1931452339170756
2020-06-16,1.0492273932860656,1.2161105850628602
2020-06-17,1.062559758338829,1.2110591495515155
2020-06-18,1.0629960010619173,1.2115253884037238
2020-06-19,1.067403410093529,1.2046015356034603
2020-06-22,1.0819497829679607,1.2123294703094363
2020-06-23,1.0948732818763232,1.2179105706537119
2020-06-24,1.1203020434379443,1.1868430329197561
2020-06-25,1.1283863023976979,1.1995665676895444
2020-06-26,1.1417306798923257,1.171075565687702
2020-06-29,1.1042779208111808,1.1882872926755212
2020-06-30,1.1038803802687778,1.2035090134365303
2020-07-01,1.1261292098025812,1.2119393940953371
2020-07-02,1.1218610494931571,1.218612887953438
2020-07-06,1.116296012040977,1.2374246736070729
2020-07-07,1.1323553171774352,1.2246624142527056
2020-07-08,1.1442365706402,1.2340299041277063
2020-07-09,1.1854430844431698,1.2270044153745607
2020-07-10,1.1558696730814324,1.2395325260779844
2020-07-13,1.15350272590846,1.228799640800531
2020-07-14,1.1411313261393563,1.2447235502081608
2020-07-15,1.1251001621811714,1.256159653357074
2020-07-16,1.125760933529769,1.2520222981561435
2020-07-17,1.1372028649004466,1.2556518595519783
2020-07-20,1.1771343236629852,1.2658000164675973
2020-07-21,1.1417864552893757,1.2684927259534482
2020-07-22,1.146283736395161,1.2757128668543287
2020-07-23,1.1228904913749693,1.2604914033995298
2020-07-24,1.115090508765091,1.2523733924794542
2020-07-27,1.1430565524986993,1.2615063477441966
2020-07-28,1.1326510470030546,1.2535054111495927
2020-07-29,1.1222424427773547,1.2689220413645463
2020-07-30,1.1544750391302547,1.2643943526433066
2020-07-31,1.1705063053007199,1.2743863246895601
2020-08-03,1.1437807257961548,1.2832455061470456
2020-08-04,1.1366779962930846,1.288202638932488
2020-08-05,1.1259721268317007,1.296203446873987
2020-08-06,1.1422725026617553,1.3048677188775275
2020-08-07,1.1072484452820337,1.3058048280937213
2020-08-10,1.0989896788638311,1.3097076486843935
2020-08-11,1.072594074643381,1.2988964136660475
2020-08-12,1.0784093676049478,1.3170060106730614
2020-08-13,1.0895012395477173,1.3146252849666273
2020-08-14,1.067078331605849,1.3146642668574164
2020-08-17,1.0863214626307058,1.318840217989821
2020-08-18,1.0950979406974852,1.321689626957457
2020-08-19,1.0870724263163023,1.3161863617416543
2020-08-20,1.1126811455710297,1.320284349092481
2020-08-21,1.1154462332018469,1.3249679653768762
2020-08-24,1.0926278764067974,1.338394203405705
2020-08-25,1.0977340785456178,1.343077176424576
2020-08-26,1.1233878740268963,1.356543168262823
2020-08-27,1.0968542214314776,1.3595087509841965
2020-08-28,1.1025807815330593,1.3682906119256286
2020-08-31,1.1280413696186333,1.3633338650995006
2020-09-01,1.1520932192541684,1.3761748601540753
2020-09-02,1.1469210767831646,1.396079553933955
2020-09-03,1.10783928191741,1.3480341805569138
2020-09-04,1.0981210104574248,1.337028164737728
2020-09-08,1.1118190619902686,1.3004966009849683
2020-09-09,1.1293032673272083,1.326177819175488
2020-09-10,1.1403863558151672,1.3031507145393448
2020-09-11,1.139352162330301,1.3038141786013866
2020-09-14,1.1478134704176348,1.3209870523515217
2020-09-15,1.1532407031575789,1.3276613181282517
2020-09-16,1.1310817160934057,1.3223920729102876
2020-09-17,1.1330188922516147,1.3107613176136392
2020-09-18,1.1274198462236626,1.2956708230196425
2020-09-21,1.1296703932820227,1.281250482449143
2020-09-22,1.1487502864207022,1.294299509574364
2020-09-23,1.1093243733333409,1.2642834536668706
2020-09-24,1.1059593579566172,1.2676533930969887
2020-09-25,1.1188503914073566,1.288147060791165
2020-09-28,1.124957159298366,1.3095424580976833
2020-09-29,1.1723964912261815,1.3024110878391935
2020-09-30,1.1529930471632277,1.312285728253765
2020-10-01,1.1843842535278042,1.320710319522851
2020-10-02,1.1618476978098222,1.3081711446524047
2020-10-05,1.162671663266237,1.331368971958769
2020-10-06,1.142093303767402,1.312442041776236
2020-10-07,1.1620988675716721,1.3352874882282406
2020-10-08,1.1433240115703909,1.3471219013899678
2020-10-09,1.1790987158769437,1.3591513526587449
2020-10-12,1.1948343240201533,1.3810169770637244
2020-10-13,1.200679599671897,1.3720044411051815
2020-10-14,1.1934302287387637,1.363383653851102
2020-10-15,1.1852287633038319,1.3616988127891478
2020-10-16,1.1863172846398153,1.360875561570803
2020-10-19,1.1912423022486502,1.3401859551978428
2020-10-20,1.1844219617787521,1.3455543919596957
2020-10-21,1.1930650178840947,1.343006931829293
2020-10-22,1.1755823448239942,1.350374251882195
2020-10-23,1.1818303405922308,1.3549586766227018
2020-10-26,1.1818097916298327,1.329919308772598
2020-10-27,1.1944624443962566,1.3253341121134619
2020-10-28,1.1879215343646174,1.2800354825263354
2020-10-29,1.1924578855156642,1.293045399107662
2020-10-30,1.1733433634926502,1.2795657700402943
2020-11-02,1.1467135205027639,1.293907503563691
2020-11-03,1.1742978127860015,1.316752692709486
2020-11-04,1.181798433395507,1.3461813185399416
2020-11-05,1.2360790132580366,1.3724355576597487
2020-11-06,1.254524737408321,1.3721220300430732
2020-11-09,1.2248904773604459,1.3893637332043374
2020-11-10,1.2010231198449652,1.3873258680224991
2020-11-11,1.207027668916929,1.3976321396040576
2020-11-12,1.2022230768096545,1.3840736461833774
2020-11-13,1.2202950219503492,1.4032354969354832
2020-11-16,1.2484171782160207,1.420751359863319
2020-11-17,1.2443204874075333,1.413109880043845
2020-11-18,1.2348472565195012,1.3961034834114687
2020-11-19,1.249849978635249,1.401981515121886
2020-11-20,1.2433484482750674,1.392380905820781
2020-11-23,1.2434928821778541,1.400727276002079
2020-11-24,1.236228559436554,1.423298434034407
2020-11-25,1.2328326226045485,1.4211039980238884
2020-11-27,1.2445436106837244,1.4250617534903587
2020-11-30,1.2367691440260287,1.4187528625315844
2020-12-01,1.2719042038400186,1.4342704854338955
2020-12-02,1.2777947927199593,1.4372875293972345
2020-12-03,1.3061418004105034,1.4368957806927714
2020-12-04,1.3041030399232354,1.449278642040747
2020-12-07,1.330828021521641,1.446300579968197
2020-12-08,1.3265072942616307,1.4505323665481342
2020-12-09,1.3139451978261498,1.4375227072730172
2020-12-10,1.3094485506916964,1.4370524801745563
2020-12-11,1.3009295723155532,1.435368025071917
2020-12-14,1.3048196120331967,1.4289410305628314
2020-12-15,1.3172644350286606,1.4482594521436178
2020-12-16,1.3311801762540294,1.4505323665481342
2020-12-17,1.353016532173634,1.458644202119174
2020-12-18,1.3564445154930413,1.4528198187535057
2020-12-21,1.3602022745743063,1.4476253209894967
2020-12-22,1.347603292135615,1.4451852862016972
2020-12-23,1.3711153931764768,1.4464837819895946
2020-12-24,1.374534597151922,1.4521113261047442
2020-12-28,1.3980162014968243,1.4645861744227333
2020-12-29,1.3859754335583778,1.4617919576371055
2020-12-30,1.39955483306355,1.463877553120867
2020-12-31,1.381228382767583,1.4713149891159474
2021-01-04,1.376884931203468,1.4512848585587765
2021-01-05,1.3753666315255257,1.4612803042388627
2021-01-06,1.3731597444276524,1.4700164933280502
2021-01-07,1.4158916039550953,1.4918574163368863
2021-01-08,1.4101636915065991,1.5003579129378712
2021-01-11,1.377980015656791,1.4902435917888446
2021-01-12,1.3882902283384473,1.490558663242779
2021-01-13,1.3856535707118733,1.4945727687692019
2021-01-14,1.399662727539149,1.4893386458488793
2021-01-15,1.3758238273346401,1.4784774934258267
2021-01-19,1.4129435687045704,1.4900865063477444
2021-01-20,1.4338634528258687,1.5107071546564708
2021-01-21,1.4494299715491998,1.5120847721038901
2021-01-22,1.4533232338648083,1.5067325456332565
2021-01-25,1.4389303533170987,1.5126751612023408
2021-01-26,1.4321761680160405,1.5103138621147485
2021-01-27,1.4020777925027896,1.4734012278652335
2021-01-28,1.4223987508050229,1.4860724008213217
2021-01-29,1.426288764411528,1.4563221422285808
2021-02-01,1.4481889596846154,1.480563088909588
2021-02-02,1.445502332357442,1.501498551366039
2021-02-03,1.4624304615466823,1.5026790722567303
2021-02-04,1.4499027061127423,1.5197584151995926
2021-02-05,1.4761302814401474,1.5257398840063607
2021-02-08,1.4958343874237419,1.536758636482933
2021-02-09,1.5092523170258023,1.5357353296864469
2021-02-10,1.4811116385459806,1.5350663335408938
2021-02-11,1.4999684554383526,1.537545736178797
2021-02-12,1.507932202008333,1.5451407722273969
2021-02-16,1.5009983275401801,1.543802779936291
2021-02-17,1.4860446073884253,1.544157476546539
2021-02-18,1.4755921252342432,1.5375851040289006
2021-02-19,1.4971999219647827,1.5348700089027947
2021-02-22,1.489341494654124,1.5230640280772534
2021-02-23,1.4788424231677735,1.5249135451134974
2021-02-24,1.4974771787870098,1.5417169271463194
2021-02-25,1.4678265752526203,1.504568471755497
2021-02-26,1.4459155853451304,1.4968158356533774
2021-03-01,1.4871704521848215,1.5330987129543383
2021-03-02,1.4512187912473253,1.521135775340802
2021-03-03,1.425394954686953,1.5009871552740053
2021-03-04,1.3971694761759805,1.4824128632520417
2021-03-05,1.4169868245578314,1.5096842338192988
2021-03-08,1.3896185127491931,1.5021678048178013
2021-03-09,1.4390230765494971,1.5236149206724954
2021-03-10,1.4349573924426127,1.5330987129543383
2021-03-11,1.4849373765383078,1.5486433530086814
2021-03-12,1.489119908016136,1.5507292057986526
2021-03-15,1.5094106085889585,1.5599764050205587
2021-03-16,1.4974058280408733,1.5580092990464232
2021-03-17,1.508846361310455,1.5633217717076384
2021-03-18,1.4702109090894804,1.5405759027588373
2021-03-19,1.4726247359105296,1.5377254645663618
2021-03-22,1.4786971649432106,1.550004245552462
2021-03-23,1.456173149383421,1.537804457572779
2021-03-24,1.4138159362833702,1.5299869803057826
2021-03-25,1.4181929994517173,1.5385938730245314
2021-03-26,1.4416344869091093,1.563388028056669
2021-03-29,1.427695183451842,1.5625986126049165
2021-03-30,1.4433175680533972,1.5584534095645863
2021-03-31,1.4717588615057733,1.5647700197096557
2021-04-01,1.4779125032270064,1.5816686050401139
2021-04-05,1.4812437669857177,1.6043699600146148
2021-04-06,1.4844614631077797,1.6034226872031327
2021-04-07,1.4730950518771115,1.6052782509353078
2021-04-08,1.4684173777594585,1.6128983743393661
2021-04-09,1.4723328493102472,1.6246239469743362
2021-04-12,1.472420287582311,1.6252163945224656
2021-04-13,1.4663341446508065,1.630033038117342
2021-04-14,1.4867448630487738,1.6244664755739215
2021-04-15,1.4686372368813476,1.6419171113775661
2021-04-16,1.4612108821073517,1.647405195526989
2021-04-19,1.44505234107698,1.6393112427375325
2021-04-20,1.4172078886798951,1.6273090659269973
2021-04-21,1.4222220388294853,1.6427065268293188
2021-04-22,1.416072442640041,1.6277035163466638
2021-04-23,1.4425838859906708,1.6453518919725614
2021-04-26,1.4480562632854899,1.648786801220661
2021-04-27,1.4536616355107117,1.6484315899979933
2021-04-28,1.4629652295610727,1.6479578892656999
2021-04-29,1.475628431155252,1.6584598422198322
2021-04-30,1.4530015712823525,1.6475631815398235
2021-05-03,1.4400911861172134,1.6511161943382342
2021-05-04,1.4346998076359203,1.6409299561035606
2021-05-05,1.4400288022298395,1.6414434106452727
2021-05-06,1.4315503351102228,1.6545508462801244
2021-05-07,1.4425643669878916,1.6665927769000781
2021-05-10,1.4255183859695475,1.6500900571734403
2021-05-11,1.4202111500452885,1.6353632649070358
2021-05-12,1.4058463708590525,1.6006193360470566
2021-05-13,1.3941664018426174,1.619846928535774
2021-05-14,1.4278087315147647,1.6447200765743286
2021-05-17,1.4205488606293628,1.640535248377685
2021-05-18,1.417510550700247,1.6264009036594096
2021-05-19,1.3978016763615022,1.622136567843929
2021-05-20,1.4003294950947576,1.6395875896068883
2021-05-21,1.4128861642957826,1.6382452231102154
2021-05-24,1.4343434922702691,1.6549459399653161
2021-05-25,1.414317174971446,1.6512739230448599
2021-05-26,1.4290993074054208,1.6545508462801253
2021-05-27,1.4471213405754502,1.6554195120445045
2021-05-28,1.4430638509735028,1.6583809778665206
2021-06-01,1.4527734288097114,1.656919864554012
2021-06-02,1.4624456355309308,1.6595259905002555
2021-06-03,1.4697586929247253,1.653366723102496
2021-06-04,1.4640560146581794,1.6684880944416718
2021-06-07,1.4647249743866742,1.6668693810756434
2021-06-08,1.4671929009238127,1.667224592298311
2021-06-09,1.4505229010445726,1.664737341821008
2021-06-10,1.4406069177420249,1.6724755687753772
2021-06-11,1.4390528226720605,1.6752394234282455
2021-06-14,1.4323161394858663,1.6789899187426995
2021-06-15,1.456409242957545,1.675910606676582
2021-06-16,1.4538787537216296,1.6665536663561844
2021-06-17,1.4272130231562339,1.666000586658159
2021-06-18,1.4011724987070309,1.6435257898014117
2021-06-21,1.4409374216218112,1.66705438424051
2021-06-22,1.4397452642639874,1.6759668280834297
2021-06-23,1.4405818958420453,1.6739465883769646
2021-06-24,1.4442403583025567,1.683849146515303
2021-06-25,1.4478949599729467,1.6898304866689664
2021-06-28,1.4182349021192173,1.69323696358088
2021-06-29,1.4131430768004465,1.6941483421760908
2021-06-30,1.4107447728314586,1.6955740758847482
2021-07-01,1.43210794923031,1.7049621502565353
2021-07-02,1.427145405158646,1.7179938092125926
2021-07-06,1.4037252906761446,1.7148644510886637
2021-07-07,1.4011608827939506,1.7209247842487443
2021-07-08,1.3885588504756976,1.7069026250379538
2021-07-09,1.4174522730813475,1.7251235069807187
2021-07-12,1.4198541760901977,1.7313028442628446
2021-07-13,1.4230848457043406,1.7254007544218084
2021-07-14,1.4101259725773618,1.7279752317042432
2021-07-15,1.40542401895573,1.7220736564756265
2021-07-16,1.3868418133869913,1.7085664956438071
2021-07-19,1.3241612864569188,1.683334405442542
2021-07-20,1.3386626483987483,1.7074572485732384
2021-07-21,1.3665736402136974,1.721281410655566
2021-07-22,1.3523890052794307,1.7248858846959427
2021-07-23,1.3552574495379985,1.74263165072226
2021-07-26,1.3651587772475686,1.7469094951137567
2021-07-27,1.3719540323353994,1.7389477977161518
2021-07-28,1.369757701380821,1.7382344162494034
2021-07-29,1.3777098154897949,1.745443750289471
2021-07-30,1.3796393876633508,1.736967183166
2021-08-02,1.3592622576836222,1.733323212622415
2021-08-03,1.3710687694737682,1.7474244934927274
2021-08-04,1.3585135280555518,1.738829050900316
2021-08-05,1.379216706471681,1.749840984762328
2021-08-06,1.4041787025288428,1.7527323346421662
2021-08-09,1.4038488567254745,1.7513066009335088
2021-08-10,1.4235206085633398,1.7534848266528085
2021-08-11,1.423810630898397,1.7578423073162466
2021-08-12,1.4187553658925,1.7631102660031617
2021-08-13,1.3904725705291534,1.7663187457866125
2021-08-16,1.3854638601332268,1.770478100668483
2021-08-17,1.3733231966277128,1.7588720467679781
2021-08-18,1.354336677014606,1.7396209107610618
2021-08-19,1.3477568762118635,1.7423145208186468
2021-08-20,1.3443353001913376,1.7561783080572881
2021-08-23,1.3675191010933638,1.7716264582829455
2021-08-24,1.37829976606487,1.774439072462576
2021-08-25,1.3927195742641378,1.7781620360125783
2021-08-26,1.406566128936873,1.7676654864888521
2021-08-27,1.4228762045626744,1.7834702631213313
2021-08-30,1.4167486051102325,1.7913130850499959
2021-08-31,1.421797605564778,1.7886592288018293
2021-09-01,1.4311685554715579,1.7896098465940389
2021-09-02,1.4503100379194909,1.7951156848719398
2021-09-03,1.4343425950440882,1.7946796794993862
2021-09-07,1.42571108121298,1.788262719932484
2021-09-08,1.4651712774058716,1.7860841082538699
2021-09-09,1.4572001181417436,1.778439669412983
2021-09-10,1.4638791365342183,1.7644176388552975
2021-09-13,1.4977189253694971,1.7689329768784652
2021-09-14,1.4961950416958656,1.759386787840739
2021-09-15,1.5292479680461286,1.7740821887495444
2021-09-16,1.535817866295819,1.7712700891823334
2021-09-17,1.5150642548070257,1.7540160353229974
2021-09-20,1.5069685958515524,1.7247691963297853
2021-09-21,1.4899969813856935,1.723139804756049
2021-09-22,1.5011453326638713,1.7399488475254874
2021-09-23,1.53987305396366,1.7610893830311714
2021-09-24,1.563600693787502,1.763990253240773
2021-09-27,1.6130948068701159,1.7589433205881004
2021-09-28,1.624335981233186,1.7234975890408153
2021-09-29,1.6295888290909777,1.7263987165566266
2021-09-30,1.618404651791072,1.7052976775541513
2021-10-01,1.6209771369697565,1.7255640152119442
2021-10-04,1.6218087280318427,1.7033108876549636
2021-10-05,1.6459574553086327,1.7210340107348159
2021-10-06,1.6304885160888616,1.7281866087556164
2021-10-07,1.633643805979753,1.7431279944010176
2021-10-08,1.604378931507155,1.739948847525487
2021-10-11,1.5934067964483611,1.7273521647171441
2021-10-12,1.6015075173441289,1.7231000509466305
2021-10-13,1.611307533180665,1.7292994581131234
2021-10-14,1.6209705437114457,1.7583872818686619
2021-10-15,1.6123364038965726,1.771778526252954
2021-10-18,1.598497217163687,1.7770242279527189
2021-10-19,1.5989380292338222,1.7907336314654634
2021-10-20,1.6027174757963132,1.7977670967111137
2021-10-21,1.6189681139896295,1.8024562450790205
2021-10-22,1.61703047535049,1.8005883306487735
2021-10-25,1.6490945115037474,1.8102447753974114
2021-10-26,1.6508849292921808,1.8118740383180427
2021-10-27,1.666165691599876,1.803847371102456
2021-10-28,1.6621258691851448,1.8212520777476462
2021-10-29,1.652839073640845,1.824947638186302
2021-11-01,1.6265048808610476,1.8280871599055193
2021-11-02,1.6584012736916505,1.8354780234766208
2021-11-03,1.653330871084041,1.8466840948739478
2021-11-04,1.634787531646946,1.8553865768496478
2021-11-05,1.6394505030230744,1.8618239922602315
2021-11-08,1.6203911655498082,1.8634135013714443
2021-11-09,1.6128738766010586,1.8572542339736848
2021-11-10,1.6026946119724232,1.8423131056344935
2021-11-11,1.6027771471694237,1.842909026816455
2021-11-12,1.5730418082432875,1.8568170707231866
2021-11-15,1.6008935815728667,1.8574531316738816
2021-11-16,1.604459183630973,1.8648043700886694
2021-11-17,1.5901741936120193,1.8602742369584364
2021-11-18,1.6094936115125742,1.8665926482469744
2021-11-19,1.59975494942145,1.8632548720930846
2021-11-22,1.6133844872111205,1.8580092990464245
2021-11-23,1.6696226389986863,1.8604730060055281
2021-11-24,1.6756626150223635,1.865440302386259
2021-11-26,1.6625725119839194,1.8238347888287947
2021-11-29,1.647218590446114,1.8462074351202402
2021-11-30,1.6156966039383251,1.8102846578599339
2021-12-01,1.6115351055809435,1.7901773354398145
2021-12-02,1.619784516159317,1.817596271118408
2021-12-03,1.5983380858386655,1.801780558972011
2021-12-06,1.5970174015948848,1.8231198635247874
2021-12-07,1.6304946392400632,1.8608305329840842
2021-12-08,1.6463452506421965,1.8657579469022916
2021-12-09,1.6336273512935378,1.8531612640939485
2021-12-10,1.656088510941239,1.870605853201662
2021-12-13,1.6301204269196894,1.8540353332887345
2021-12-14,1.623431837147373,1.8412797638958227
2021-12-15,1.6406275740971366,1.8700498144822235
2021-12-16,1.6119604301548964,1.853558673535028
2021-12-17,1.590440804965747,1.83383126373372
2021-12-20,1.5945290848080682,1.8143315699281097
2021-12-21,1.6226005171505409,1.8465522254414097
2021-12-22,1.6340288922352457,1.8650156184869373
2021-12-23,1.6239794387641595,1.8766198712439732
2021-12-27,1.6723002588512235,1.903178117650692
2021-12-28,1.6706588913353289,1.9016224443060714
2021-12-29,1.6719575278635614,1.904055145866891
2021-12-30,1.6341334414822517,1.8987914327324384
2021-12-31,1.6397370227117127,1.894006051842056
2022-01-03,1.6775183709144725,1.9049721851987187
2022-01-04,1.665600214284888,1.9043343231045549
2022-01-05,1.6819440932522265,1.8677669937886292
2022-01-06,1.6942505880471823,1.8660124227438115
2022-01-07,1.682370206688876,1.858635196401831
2022-01-10,1.6989632435794297,1.8563221422285816
2022-01-11,1.6920452518241356,1.8732301192356988
2022-01-12,1.7347847170632553,1.8782942914044298
2022-01-13,1.7041232140871425,1.8524143041668177
2022-01-14,1.7040999126290561,1.8531718136485515
2022-01-18,1.697919093464611,1.8203529211974012
2022-01-19,1.6527527158969266,1.8014510783703264
2022-01-20,1.621252292541842,1.7815125488238543
2022-01-21,1.6391766442854077,1.7465402607026528
2022-01-24,1.6499068288691814,1.7539573695071569
2022-01-25,1.6499029942612096,1.7325434461535305
2022-01-26,1.6792328232411555,1.7281970296571147
2022-01-27,1.734614239273563,1.7196629545957474
2022-01-28,1.7825716468791495,1.7623717971809545
2022-01-31,1.7767354563308322,1.7941136058377647
2022-02-01,1.7669090834895584,1.8062363306076044
2022-02-02,1.7651904905716123,1.823782427015095
2022-02-03,1.8014832342458804,1.7809148264984243
2022-02-04,1.8078619829989484,1.7892887284441739
2022-02-07,1.8151018120240776,1.783546425759441
2022-02-08,1.8142162545505311,1.79822124217146
2022-02-09,1.8295706379075731,1.8245398078437238
2022-02-10,1.8107429659628427,1.7917611838144114
2022-02-11,1.7910283234060707,1.7564298248773949
2022-02-14,1.7700552791278763,1.750687393539557
2022-02-15,1.7472758175919874,1.7789208320253616
2022-02-16,1.7387980914258976,1.7809148264984243
2022-02-17,1.7485491956738182,1.7428715887629247
2022-02-18,1.766899474297206,1.7315862670529705
2022-02-22,1.7593941441550531,1.7130036125791874
2022-02-23,1.7303646795927683,1.6826172930357515
2022-02-24,1.7385300391416774,1.7079394404104562
2022-02-25,1.760702317174585,1.7456233500239307
2022-02-28,1.747036024840619,1.7411571574868399
2022-03-01,1.7222072421531662,1.7146387935426446
2022-03-02,1.7704467120200607,1.7461815758461527
2022-03-03,1.8009975064291461,1.7374882282409017
2022-03-04,1.8788711106426095,1.7233717663042092
2022-03-07,1.9171410812438996,1.6725680703578112
2022-03-08,1.8823210932450407,1.6598872484188545
2022-03-09,1.7926986425240068,1.7043904158582974
2022-03-10,1.8209057503169235,1.69669412981613
2022-03-11,1.8768846945902424,1.6751202906530958
2022-03-14,1.8944384605235949,1.6628777898425813
2022-03-15,1.8437306616180194,1.6994455051178219
2022-03-16,1.7672356077434448,1.7371290287719818
2022-03-17,1.801524372476767,1.7588622691320048
2022-03-18,1.7805023082815299,1.7781269137149371
2022-03-21,1.8394234726354992,1.7776067692117696
2022-03-22,1.8299088028841677,1.7984075318673756
2022-03-23,1.8559201853356537,1.7752467566552266
2022-03-24,1.8520772357470974,1.802007374395975
2022-03-25,1.8976001536511857,1.8108080186907245
2022-03-28,1.8479962733626352,1.823688124289193
2022-03-29,1.7993478546847423,1.846248604113813
2022-03-30,1.8475395700646615,1.8348482665280659
2022-03-31,1.8510963373982217,1.8066077521214912
2022-04-01,1.8423605573266095,1.8117276310846502
2022-04-04,1.8216180362184815,1.8272482130083745
2022-04-05,1.8489708605377524,1.804167460027482
2022-04-06,1.8912093542831103,1.7861269497378067
2022-04-07,1.9115926116216653,1.7951272636513824
2022-04-08,1.95352714949474,1.7903270876539348
2022-04-11,1.9643273512765418,1.7597263033846071
2022-04-12,2.0039907915840494,1.7532059067213541
2022-04-13,1.993795080164269,1.7732864692956511
2022-04-14,2.0353485199170605,1.7512059942054654
2022-04-18,2.0649760192795097,1.751926194286774
2022-04-19,1.9984507736062365,1.780206719808977
2022-04-20,2.038321705604826,1.7788866102994543
2022-04-21,2.0697148228245466,1.7522860370212188
2022-04-22,2.0696024284377077,1.7042052840403263
2022-04-25,2.014675412189477,1.7140851992321997
2022-04-26,2.091247248364122,1.6644438840887001
2022-04-27,2.0968747084648722,1.6691240267392629
2022-04-28,2.0971960649893564,1.7112850644037458
2022-04-29,2.1119170093942885,1.648043186274259
2022-05-02,2.071822251015374,1.6579637558472853
2022-05-03,2.070565280744544,1.6655640666731868
2022-05-04,2.0967070358170745,1.71628542463244
2022-05-05,2.150243315797162,1.6552836543657163
2022-05-06,2.2075958597451186,1.6454033532145282
2022-05-09,2.178151001246048,1.592721836548805
2022-05-10,2.1449725069971883,1.5964020872679758
2022-05-11,2.2281615667999333,1.571041215308692
2022-05-12,2.1860926766021107,1.5694012741803527
2022-05-13,2.1622456229390163,1.6069221803099014
2022-05-16,2.223285373372748,1.600402040952858
2022-05-17,2.1965798252418236,1.6333232126224153
2022-05-18,2.1862722579087497,1.567481383895721
2022-05-19,2.1758938111662296,1.5578810319008258
2022-05-20,2.178026544020427,1.5585610922134014
2022-05-23,2.2091254332381576,1.587721990932531
2022-05-24,2.2560557739675113,1.5756017105716849
2022-05-25,2.2346301403426714,1.5895217192171736
2022-05-26,2.2276641466825504,1.621282825839721
2022-05-27,2.2109710178116786,1.661083979600766
2022-05-31,2.2063663142724166,1.6517634481090588
2022-06-01,2.2397473497282765,1.6384029518168415
2022-06-02,2.169860598082595,1.6696040314736977
2022-06-03,2.235074873514226,1.6422033645360017
2022-06-06,2.2710336223913563,1.6472034674584857
2022-06-07,2.269564158963133,1.663003612579188
2022-06-08,2.2375962072314186,1.6449233484800942
2022-06-09,2.2754291546683296,1.6058026409909396
2022-06-10,2.32970869040687,1.559241281179082
2022-06-13,2.3909479771850917,1.5000393678501056
2022-06-14,2.290257744312434,1.4955195269682657
2022-06-15,2.219573744928578,1.5168399195146194
2022-06-16,2.2673577822214295,1.4666387060585337
2022-06-17,2.1480346343364776,1.4698003561117963
2022-06-21,2.1425181939526174,1.506800474472653
2022-06-22,2.097621529381526,1.5040686544429085
2022-06-23,2.00532350325986,1.5188124289191618
2022-06-24,1.9838224106412028,1.5671013426238052
2022-06-27,2.0388713886504615,1.56111549961147
2022-06-28,2.120083310522879,1.5292175060852942
2022-06-29,2.089121699931591,1.5279720153766214
2022-06-30,2.044819331013394,1.5155584059365712
2022-07-01,2.0469179919093636,1.5315875535840204
2022-07-05,1.9035974392778705,1.5344800613418026
2022-07-06,1.9108480748952583,1.5396625943670548
2022-07-07,1.9384562065246338,1.562722762851161
2022-07-08,1.9392855636521507,1.561437132373755
2022-07-11,2.007861725141431,1.5435998939898439
2022-07-12,1.957132466534545,1.5299406651880159
2022-07-13,1.9765886816198674,1.5219057641737148
2022-07-14,1.9790682813378713,1.5182099464288494
2022-07-15,1.987215918327837,1.547215560850348
2022-07-18,2.032956839850522,1.5344401788792794
2022-07-19,2.0002443510214074,1.5758992852033515
2022-07-20,1.9832207335472518,1.5859429757977805
2022-07-21,1.9369669570470422,1.6020929287107444
2022-07-22,1.9843889760213413,1.5872284776220817
2022-07-25,2.051865794723316,1.589156859011638
2022-07-26,2.0968087267649267,1.5703556229126059
2022-07-27,2.04196735442279,1.611132095862004
2022-07-28,2.0236102655064974,1.6313393817446415
2022-07-29,2.031352939679834,1.65512219471905
2022-08-01,1.995840218987521,1.65022089738114
2022-08-02,1.9623819034276129,1.6393338856839996
2022-08-03,1.9133077697341234,1.6650050689323361
2022-08-04,1.8835854325874613,1.6638805121422824
2022-08-05,1.8857129660074035,1.6610681552688615
2022-08-08,1.8775599063501074,1.6591399025324098
2022-08-09,1.9383450008818395,1.6525514483766572
2022-08-10,1.8950510437585704,1.687261412816939
2022-08-11,1.9562721263497929,1.687261412816939
2022-08-12,1.9158582845593108,1.7158249751699528
2022-08-15,1.8888844606921569,1.7228956211629232
2022-08-16,1.9094308926479606,1.7262700634517132
2022-08-17,1.9472411791468778,1.7140171417397005
2022-08-18,1.967224385489141,1.718998461308867
2022-08-19,2.0214974658606812,1.6958987963215522
2022-08-22,2.0891087679888547,1.6605860920847482
2022-08-23,2.0964958861033085,1.6565687702307026
2022-08-24,2.0914405859631233,1.6618715939090491
2022-08-25,2.0580355994332784,1.6853330314273822
2022-08-26,2.1245332099981002,1.628286186258821
2022-08-29,2.17076695309649,1.6175194652147753
2022-08-30,2.143524368936817,1.5997627636745404
2022-08-31,2.1373126125917135,1.5875899928468893
2022-09-01,2.1220690773567257,1.5925715697222655
2022-09-02,2.1252967995150316,1.5757788658971514
2022-09-06,2.105413686332007,1.5698332913066542
2022-09-07,2.049259765094473,1.598035209781755
2022-09-08,2.05536240238664,1.6084804267166204
2022-09-09,2.054923444151028,1.6334685906309683
2022-09-12,2.071222753809202,1.6510245933275374
2022-09-13,2.10545203230548,1.579233845029618
2022-09-14,2.1435402338733818,1.5852599564637915
2022-09-15,2.0664557735864344,1.5672621590049476
2022-09-16,2.064256563166899,1.5553057826997618
2022-09-19,2.067301357225695,1.5673668826323475
2022-09-20,2.0681355361038767,1.549375775134959
2022-09-21,2.075942146872964,1.5223485881608287
2022-09-22,2.0875357483676242,1.5095612414510031
2022-09-23,2.048720143414599,1.4842689415966384
2022-09-26,2.043666936630468,1.4695855054265898
2022-09-27,2.041718307310052,1.4658341095404015
2022-09-28,2.0480028598554565,1.494676334518659
2022-09-29,2.062988535272911,1.4634541557525969
2022-09-30,2.044129510298662,1.4408239459451133
2022-10-03,2.0537153641958428,1.4788635813936755
2022-10-04,2.0485655857726375,1.5246885308330054
2022-10-05,2.0743231134912605,1.5211386057091125
2022-10-06,2.0625459959816825,1.5054467865027477
2022-10-07,2.0844846174775156,1.463454155752597
2022-10-10,2.1106552638152185,1.4522799903252885
2022-10-11,2.135498983826684,1.443082837161194
2022-10-12,2.1094563253292296,1.4383229295855846
2022-10-13,2.17218895502344,1.4762813849249459
2022-10-14,2.1835498464691385,1.4426391126023455
2022-10-17,2.123754839388909,1.4797105047833243
2022-10-18,2.1130250772748047,1.497096685381407
2022-10-19,2.1414301602538055,1.4864878216970907
2022-10-20,2.1219967907640886,1.474022751015075
2022-10-21,2.098387858271127,1.5098437636693944
2022-10-24,2.157155706005865,1.5283188641474694
2022-10-25,2.1548311134526554,1.552723843537242
2022-10-26,2.1402438729171607,1.5410256740136186
2022-10-27,2.1263375138349763,1.5327965068108973
2022-10-28,2.1473123885522822,1.5692628434394655
2022-10-31,2.2000415666494093,1.5579277329779098
2022-11-01,2.143375641317229,1.55111053360162
2022-11-02,2.2341233665625837,1.5121833203822561
2022-11-03,2.231867042693884,1.4966128210538252
2022-11-04,2.28736873924241,1.5181534677157917
2022-11-07,2.312278140196651,1.532675572892278
2022-11-08,2.267077452465527,1.5409452658230471
2022-11-09,2.270407932056024,1.5091983110420404
2022-11-10,2.113185214244683,1.5921350497372924
2022-11-11,2.0689093510550634,1.607544346725266
2022-11-14,2.1079879836272957,1.5938695508977434
2022-11-15,2.0963232138408867,1.6074639385346947
2022-11-16,2.1312757506322706,1.5952009818804989
2022-11-17,2.150086856758618,1.5903200117331653
2022-11-18,2.132003755652038,1.5975404099402555
2022-11-21,2.1725195030640103,1.5917315936002818
2022-11-22,2.198993139295876,1.6131514349967342
2022-11-23,2.16913713991336,1.6233169600815167
2022-11-25,2.150701169602283,1.6229540296725542
2022-11-28,2.1768603977453993,1.597056416959569
2022-11-29,2.179233894404968,1.5943132754565918
2022-11-30,2.0918895177527936,1.6445349447563589
2022-12-01,2.0870042691393396,1.6433249623046424
2022-12-02,2.1185173265131323,1.641429258803734
2022-12-05,2.165426889234483,1.6119010554700748
2022-12-06,2.180526720296684,1.5886660474163903
2022-12-07,2.148999566401205,1.5859633029883562
2022-12-08,2.1225914430069763,1.5983875906361142
2022-12-09,2.0855192261776385,1.5864470386628329
2022-12-12,2.092722375660117,1.6093195022668694
2022-12-13,2.0577716978195557,1.6215015361180742
2022-12-14,2.093625338752319,1.6111347975772063
2022-12-15,2.0653252583919564,1.571723462724051
2022-12-16,2.0828323268281093,1.553167439442985
2022-12-19,2.142350369373579,1.5399972210929354
2022-12-20,2.1882403153855496,1.5421045589514273
2022-12-21,2.1985123180101467,1.5651626689858549
2022-12-22,2.223864322364291,1.5428338934031849
2022-12-23,2.244385031926452,1.5517087705394699
2022-12-27,2.2550559009611617,1.5455896429104437
2022-12-28,2.2829004660871384,1.5263812197343587
2022-12-29,2.2736280943572544,1.5538567627791147
2022-12-30,2.2973222313328887,1.5497635355931698
2023-01-03,2.3307379423711874,1.5432391506836645
2023-01-04,2.3039726231140354,1.5551530714642285
2023-01-05,2.371127171899141,1.5374038318040786
2023-01-06,2.3908296170688677,1.5726598000216157
2023-01-09,2.3215988078519576,1.5717679766983517
2023-01-10,2.35676321653088,1.5827905887680715
2023-01-11,2.2918537241149277,1.6028096551582198
2023-01-12,2.275350608184191,1.6086451026909105
2023-01-13,2.2987639976020056,1.6148859361571852
2023-01-17,2.2469766103081383,1.6119274293565822
2023-01-18,2.274963464233052,1.586478687326642
2023-01-19,2.2818940025172063,1.5749291121391944
2023-01-20,2.2747092035052203,1.60426845271484
2023-01-23,2.230705920889047,1.6235172729658682
2023-01-24,2.265086358740931,1.6217749239660175
2023-01-25,2.290632987386793,1.6223828098867363
2023-01-26,2.296132426695073,1.6402134869622969
2023-01-27,2.2501442026736456,1.6439819937114388
2023-01-30,2.30140128060572,1.6233555560129913
2023-01-31,2.27597724706612,1.6472241806083774
2023-02-01,2.3028638273816266,1.6647302659002399
2023-02-02,2.2552704853679786,1.688964008007372
2023-02-03,2.2851275704177008,1.6710118824007725
2023-02-06,2.266830047660369,1.6607996562389062
2023-02-07,2.2521371530599894,1.6825206745539625
2023-02-08,2.2807913829022746,1.6641225086326261
2023-02-09,2.278541308436007,1.6496959927130908
2023-02-10,2.2869960541437746,1.6535459368776433
2023-02-13,2.309977669466657,1.672956860040863
2023-02-14,2.268720329478042,1.6721868712079526
2023-02-15,2.260670390255099,1.677617061460164
2023-02-16,2.275656343722367,1.6545182970445835
2023-02-17,2.3059527207689983,1.6503849300899054
2023-02-21,2.356474783127551,1.6172766968058032
2023-02-22,2.31982554725749,1.6150480390693773
2023-02-23,2.285789953733589,1.6236391074562218
2023-02-24,2.2652118996423836,1.6062944818110265
2023-02-27,2.242154203263749,1.6117657124037057
2023-02-28,2.213029881715304,1.6058083017275564
2023-03-01,2.2316850952626455,1.5996486483704824
2023-03-02,2.226487135075518,1.6120897895749842
2023-03-03,2.1817787063412353,1.6379440461916135
2023-03-06,2.238227950668048,1.6390788952300603
2023-03-07,2.2187857571871983,1.6139535871058739
2023-03-08,2.2232457424145617,1.6165881453883035
2023-03-09,2.2635745818462656,1.5867621101167682
2023-03-10,2.3040091191994296,1.563866231647637
2023-03-13,2.269080731052151,1.5616371879518967
2023-03-14,2.281916850821284,1.5874511761466878
2023-03-15,2.28013824907594,1.577522501428052
2023-03-16,2.2639904853851176,1.605200158500628
2023-03-17,2.3286572362356686,1.5864313429840342
2023-03-20,2.361828911271359,1.601685998939901
2023-03-21,2.3199476757531388,1.622716922000198
2023-03-22,2.3861118295457318,1.5950554752188413
2023-03-23,2.4148646556965674,1.5993671553769302
2023-03-24,2.3883448542677996,1.6098621610633974
2023-03-27,2.397445947160625,1.6128726437183858
2023-03-28,2.436311447124212,1.609252345346105
2023-03-29,2.4127306029077102,1.6326425090443157
2023-03-30,2.4325013248921854,1.642201949351848
2023-03-31,2.37071723143423,1.665348186763142
2023-04-03,2.4050744608327226,1.6716942584692367
2023-04-04,2.3996247022953168,1.6624193988297742
2023-04-05,2.3773444142026983,1.6580669356374276
2023-04-06,2.388764646153596,1.664534713180771
2023-04-10,2.369986358711869,1.6662430977609244
2023-04-11,2.3669203145776265,1.6666905532598155
2023-04-12,2.4173871785682035,1.6598972833610397
2023-04-13,2.451819662366237,1.6819450805625775
2023-04-14,2.434047412232633,1.677836415004043
2023-04-17,2.3846602541254014,1.6838571230078099
2023-04-18,2.3821659877112076,1.6849551772582512
2023-04-19,2.3967258659101383,1.6846707252432862
2023-04-20,2.396983653211421,1.6754774316723393
2023-04-21,2.3842039184386965,1.6767788864816495
2023-04-24,2.3805852012662143,1.6785281827491656
2023-04-25,2.3639091527763276,1.6518834814559447
2023-04-26,2.378085298372709,1.6448868109982997
2023-04-27,2.369407506676544,1.6776332717513833
2023-04-28,2.3663753323062275,1.6919521050221056
2023-05-01,2.399151764654479,1.690243720441952
2023-05-02,2.4628287085381526,1.6712466743172407
2023-05-03,2.5062593870981673,1.659775062911371
2023-05-04,2.510348538087257,1.6480192567967462
2023-05-05,2.461517382861738,1.6785281827491652
2023-05-08,2.4143746540133586,1.6789756382480563
2023-05-09,2.396290081793698,1.671612949706931
2023-05-10,2.4018481706011876,1.6794232224000523
2023-05-11,2.379683192512813,1.6764944344666843
2023-05-12,2.379973110532559,1.6742975540471723
2023-05-15,2.3582112095487,1.6800739498047075
2023-05-16,2.3685402297568245,1.6688466506450694
2023-05-17,2.34517475658882,1.689104754504148
2023-05-18,2.2979926702559093,1.7053761559481504
2023-05-19,2.322040429307043,1.7028946948605685
2023-05-22,2.3251375809863726,1.7035863339525863
2023-05-23,2.319920926347714,1.6844671960313118
2023-05-24,2.282219291254236,1.672263805764691
2023-05-25,2.3407204397561654,1.6867452565600247
2023-05-26,2.3589807877267,1.7085896532026934
2023-05-30,2.387482975677413,1.7092406379135583
2023-05-31,2.3941027871086757,1.6997626350214363
2023-06-01,2.4190014277283796,1.7159118160157703
2023-06-02,2.3681617883531274,1.7407257836260646
2023-06-05,2.353868291980383,1.7373903232280632
2023-06-06,2.3389118507836995,1.7411732391249555
2023-06-07,2.2804125258218306,1.7351529170805033
2023-06-08,2.3218706058523484,1.7456483087262855
2023-06-09,2.3501416868928664,1.7487804972185224
2023-06-12,2.37153879055996,1.764644840238577
2023-06-13,2.3254756596800785,1.7762794551283727
2023-06-14,2.352867479097373,1.7783945121731595
2023-06-15,2.3032995595420775,1.800442566680907
2023-06-16,2.290020112525816,1.79430954451655
2023-06-20,2.2856518563657726,1.7850005918042853
2023-06-21,2.254330459336093,1.7758546425759465
2023-06-22,2.267316033764244,1.7822649121813934
2023-06-23,2.2434985105523104,1.7687912011568514
2023-06-26,2.232998022251495,1.7615642416414103
2023-06-27,2.2508161091445382,1.7808767451793706
2023-06-28,2.242861490245146,1.7817751298109852
2023-06-29,2.222344553274245,1.7887979168489274
2023-06-30,2.217425814506759,1.8099068036908026
2023-07-03,2.2240611797756094,1.8119890541938362
2023-07-05,2.2182175381598257,1.8092945435645165
2023-07-06,2.2122564462152505,1.7951264917327536
2023-07-07,2.219310767853633,1.790594300152842
2023-07-10,2.221245209480907,1.7951264917327536
2023-07-11,2.199144296144581,1.8065587352885197
2023-07-12,2.2338036055449138,1.821094220387917
2023-07-13,2.287456020285272,1.8355480107656938
2023-07-14,2.3067112878114293,1.8344046706223227
2023-07-17,2.33559850357193,1.8407742858466167
2023-07-18,2.3239302801118176,1.8544522980017621
2023-07-19,2.324712210843462,1.8585760159735716
2023-07-20,2.228908944407985,1.846245259133086
2023-07-21,2.2107462722537186,1.846245259133086
2023-07-24,2.181534634758178,1.8544930810360198
2023-07-25,2.187126808719487,1.8595559666737018
2023-07-26,2.2043530597965653,1.8598418338728206
2023-07-27,2.191646995349685,1.84751120568544
2023-07-28,2.2263829436831246,1.8655986743584088
2023-07-31,2.2270937745778854,1.8691509152381902
2023-08-01,2.226226673178696,1.863802291054494
2023-08-02,2.2068095592829864,1.8378753454335883
2023-08-03,2.183239321431662,1.8326082873184077
2023-08-04,2.1675028585367326,1.8243195537281112
2023-08-07,2.158753787633024,1.8402434631357407
2023-08-08,2.137899343664565,1.8322407253976682
2023-08-09,2.0684650351878267,1.8199916632788031
2023-08-10,2.0985895729847486,1.8206449637455566
2023-08-11,2.0799240529312506,1.819583446976911
2023-08-14,2.103889974555929,1.8296276521837593
2023-08-15,2.1202492162852633,1.8083144642112807
2023-08-16,2.115403846744898,1.7950447970111325
2023-08-17,2.069198184128454,1.7813669135090922
2023-08-18,2.0653098637063803,1.7822240004940293
2023-08-21,2.0895690165444916,1.7938198907992458
2023-08-22,2.10025273961957,1.7889610489859575
2023-08-23,2.1312579947999195,1.8088860699564138
2023-08-24,2.083109285547629,1.783816725932865
2023-08-25,2.080561647914309,1.7963919236726873
2023-08-28,2.0906200408721562,1.8077836415004052
2023-08-29,2.129520471434718,1.8339148882519145
2023-08-30,2.1210066667577423,1.8414682406945224
2023-08-31,2.130810651047832,1.838773472758993
2023-09-01,2.11926887612733,1.8422032358828961
2023-09-05,2.1679662510161437,1.8342412811790814
2023-09-06,2.1651334496203214,1.8219106529917006
2023-09-07,2.129584639953768,1.8163173306024583
2023-09-08,2.127265580294128,1.8190524956129308
2023-09-11,2.158730114789086,1.8310158191857817
2023-09-12,2.109423089302797,1.8209716139789331
2023-09-13,2.120257804412626,1.8230947761693295
2023-09-14,2.1190677668942466,1.8388142557932505
2023-09-15,2.1009108723066268,1.8166596765146343
2023-09-18,2.0855001423767274,1.8177253101826374
2023-09-19,2.0811090183339815,1.8139552595962365
2023-09-20,2.0646288901472705,1.7972792441372794
2023-09-21,2.0737451878499935,1.7675729849064192
2023-09-22,2.060550190422586,1.7635985045363098
2023-09-25,2.077247048200265,1.7710148414221842
2023-09-26,2.0826895060663713,1.7449962947905797
2023-09-27,2.095310331229079,1.7456929513536894
2023-09-28,2.1055774142962984,1.755813447851752
2023-09-29,2.1115966275921,1.7515520710576844
2023-10-02,2.1676379906133025,1.7508558004538897
2023-10-03,2.140494816122985,1.7274185497192804
2023-10-04,2.1388709816960008,1.7399976070522503
2023-10-05,2.108474678853171,1.7393418621765036
2023-10-06,2.117525587688848,1.7599926153117795
2023-10-09,2.1054302372130214,1.7712606975056753
2023-10-10,2.1022172775908556,1.7804797216976052
2023-10-11,2.0930226068909685,1.7877733235213915
2023-10-12,2.1121373533783627,1.7768743470854942
2023-10-13,2.113925587094961,1.768023656732933
2023-10-16,2.1373769309965027,1.786625866478663
2023-10-17,2.1502422473891105,1.7865437857977278
2023-10-18,2.149035558443886,1.7627382012237496
2023-10-19,2.1762179813669333,1.747249911229359
2023-10-20,2.176069906036422,1.7257796378157804
2023-10-23,2.174023643515524,1.7227881958203193
2023-10-24,2.153484304322715,1.73577727059865
2023-10-25,2.1325715841916413,1.7108650120162014
2023-10-26,2.0707655230914686,1.6903780342834809
2023-10-27,2.1141163909503904,1.6827159699672207
2023-10-30,2.1386880376968684,1.7028342279012578
2023-10-31,2.095078299864714,1.713528517247237
2023-11-01,2.113583820462945,1.7318027902285411
2023-11-02,2.1161228180009366,1.7649918176625294
2023-11-03,2.087208630109656,1.7810944262328845
2023-11-06,2.1074093887762357,1.7851917703181865
2023-11-07,2.1047186574541077,1.7902725387374516
2023-11-08,2.0852523709247643,1.7915837711827356
2023-11-09,2.0986574940786036,1.777611529376652
2023-11-10,2.1337673467207203,1.8053508112864816
2023-11-13,2.1528828831904505,1.8036299473551514
2023-11-14,2.098075146417017,1.8386217907483
2023-11-15,2.09030846983484,1.8425141904374742
2023-11-16,2.048575357342333,1.8447678068762532
2023-11-17,2.073323021110692,1.8470624636555
2023-11-20,2.0938006238816587,1.8612804328919694
2023-11-21,2.085979070381631,1.85722374318782
2023-11-22,2.080429623907504,1.8643943526433087
2023-11-24,2.066060648889336,1.8655416810329322
2023-11-27,2.043939507832597,1.862182033851207
2023-11-28,2.0422519599418085,1.8640253755384153
2023-11-29,2.0380986798086616,1.8627144003993412
2023-11-30,2.018647879622106,1.8700485279511758
2023-12-01,1.988725959386388,1.8811115370958387
2023-12-04,1.9838460108496283,1.8712367680281619
2023-12-05,1.9757614036239637,1.870868176882583
2023-12-06,1.919255695001699,1.8633291049346206
2023-12-07,1.9339140186681143,1.877546945517985
2023-12-08,1.9690676992743603,1.8856188986265014
2023-12-11,1.9595010407068179,1.8929528975252308
2023-12-12,1.9208944164307151,1.9015986434816636
2023-12-13,1.8944132215747043,1.9278218772031863
2023-12-14,1.9189578570216124,1.934008933671607
2023-12-15,1.9383936085649927,1.9308245120187748
2023-12-18,1.9567130535312762,1.9416856644418272
2023-12-19,1.9630286378941462,1.9534928031453125
2023-12-20,1.9391972874994559,1.9264227746872455
2023-12-21,1.9697795592014917,1.944688813869835
2023-12-22,1.9752316056569426,1.9485971665440183
2023-12-26,1.9759492007190407,1.9568251758687956
2023-12-27,1.9571347641461676,1.9603632649070362
2023-12-28,1.962191118875905,1.9611036635258163
2023-12-29,1.9579038217243245,1.9554265879652748
2024-01-02,1.9452905617860174,1.9444830975550773
2024-01-03,1.9225548996671447,1.9286030588562233
2024-01-04,1.900688251830818,1.9223909150323444
2024-01-05,1.9104925421550012,1.9250241867837248
2024-01-08,1.8925424627175134,1.9525053905650969
2024-01-09,1.8595307106094465,1.949543410130661
2024-01-10,1.876004238953184,1.9605691098748987
2024-01-11,1.8708692055992011,1.9597049469691912
2024-01-12,1.8362963755345136,1.961062494532244
2024-01-16,1.8884296897656618,1.9538631954343595
2024-01-17,1.8847739270192034,1.9430020430113069
2024-01-18,1.9221705922467298,1.9602809269198909
2024-01-19,1.967587686867318,1.984718069585892
2024-01-22,2.0081181202056917,1.9889146052150828
2024-01-23,2.001586165066661,1.994715059103237
2024-01-24,2.002550032700303,1.99689572923153
2024-01-25,2.0236663882904775,2.0077566243483727
2024-01-26,2.0267758937340825,2.005205690584137
2024-01-29,2.0527740996303216,2.021085857936096
2024-01-30,2.040240631580061,2.019522465405181
2024-01-31,1.9874333028667843,1.98656951641871
2024-02-01,1.9766959731204443,2.0125700516156266
2024-02-02,2.003530916360429,2.0337571595452895
2024-02-05,2.006748467295622,2.0263517581733326
2024-02-06,2.0191803264261456,2.032234936007946
2024-02-07,2.0455217839883053,2.049184596621055
2024-02-08,2.0837872949551666,2.050089671214125
2024-02-09,2.111638662113824,2.0619381075642877
2024-02-12,2.1322838151056493,2.0610327756650078
2024-02-13,2.1270552963620117,2.0326461113312506
2024-02-14,2.172608707532806,2.0511179954817025
2024-02-15,2.182642359797561,2.065270222981561
2024-02-16,2.1554129976725713,2.0549851791623137
2024-02-20,2.13303542081109,2.0436719397285934
2024-02-21,2.0599016474223806,2.0455232579083065
2024-02-22,2.1093354243435867,2.0878560474678496
2024-02-23,2.1273719110111853,2.0892960616711527
2024-02-26,2.141279523211956,2.081643774990866
2024-02-27,2.134120946200488,2.0855110873245817
2024-02-28,2.1145401756594566,2.0827548232049033
2024-02-29,2.1259399949324513,2.09024217660469
2024-03-01,2.1379205230849148,2.1098658920034374
2024-03-04,2.095274737211288,2.107603527153524
2024-03-05,2.0872412048766456,2.086539797551474
2024-03-06,2.078781462550806,2.097112638366414
2024-03-07,2.1141662217047945,2.1179294826601343
2024-03-08,2.09216116244175,2.1052172693635787
2024-03-11,2.097239318757551,2.103407248830543
2024-03-12,2.138472558937962,2.1260342423104035
2024-03-13,2.128635300233807,2.1227016122807103
2024-03-14,2.1236754170205896,2.118505591263939
2024-03-15,2.1156327013476264,2.103958527385099
2024-03-18,2.1200119641759048,2.116462708611009
2024-03-19,2.12584862411038,2.1282240468091453
2024-03-20,2.1268667908737835,2.147908743779622
2024-03-21,2.1475521905729655,2.155006792883939
2024-03-22,2.158510103736362,2.150921542190499
2024-03-25,2.1414285060360005,2.1449789266214148
2024-03-26,2.1527212152039623,2.141017182908692
2024-03-27,2.171100293666982,2.15900957693713
2024-03-28,2.156268525432947,2.1585973723889853
2024-04-01,2.135412481477655,2.15484160229723
2024-04-02,2.0835682899273333,2.141141075848725
2024-04-03,2.0709683303687045,2.143493240565868
2024-04-04,2.059871503663891,2.1173294445788153
2024-04-05,2.0682069061477035,2.13944890155979
2024-04-08,2.0572681378549973,2.140645375435491
2024-04-09,2.0402802789241306,2.143121690398876
2024-04-10,2.0355996651745456,2.121662609805425
2024-04-11,2.07181035027963,2.137674260630606
2024-04-12,2.045341937678528,2.108168056977887
2024-04-15,2.027032156935343,2.081756603763875
2024-04-16,2.028592134572716,2.077959793331652
2024-04-17,2.000763900557916,2.0656618430329194
2024-04-18,1.993211124457219,2.0614112730996648
2024-04-19,1.9499553466341493,2.043418621765017
2024-04-22,1.970727846307733,2.062236711420793
2024-04-23,1.9857885990155906,2.0867087190782256
2024-04-24,2.0182711155599664,2.0857183474765972
2024-04-25,2.0059101417459604,2.0777947313980465
2024-04-26,2.041417210347011,2.097479557021628
2024-04-29,2.0200522186193868,2.1049077299931542
2024-04-30,2.021236028464528,2.071563418261535
2024-05-01,2.0197068120286406,2.0648367906711047
2024-05-02,2.0059537383501236,2.08414993747459
2024-05-03,2.003994530184097,2.109983738247538
2024-05-06,2.0118361705268626,2.1317730713613035
2024-05-07,2.0057563901346205,2.1341256220377613
2024-05-08,2.012810227589572,2.1343315956587285
2024-05-09,1.9967747955194997,2.1466292886512512
2024-05-10,2.023947928750267,2.149394687141378
2024-05-13,1.9934722808865004,2.14968377066812
2024-05-14,2.009095318852458,2.15954657499704
2024-05-15,2.0122933358547543,2.186287894772051
2024-05-16,1.992581138020958,2.181789410305627
2024-05-17,1.981460826327583,2.1849257156972213
2024-05-20,1.973987475061046,2.1874434569603887
2024-05-21,1.9823355834698875,2.192808548741514
2024-05-22,1.9595573925898615,2.186494768964753
2024-05-23,1.951244156630559,2.170523772520725
2024-05-24,1.9777451519793554,2.1848850613160686
2024-05-28,1.9648951157353038,2.1864121736713984
2024-05-29,1.9827358771556534,2.171101424961789
2024-05-30,1.9885376089662068,2.156699095825978
2024-05-31,1.9946985508238935,2.176342495149777
2024-06-03,1.9702967520105812,2.178116878772751
2024-06-04,1.980672165581891,2.180551767436354
2024-06-05,1.9788898241459223,2.206467391584027
2024-06-06,1.9644908283361482,2.206426737202874
2024-06-07,1.9490640561680732,2.2037440626592066
2024-06-10,1.9449681907546799,2.210553156889887
2024-06-11,1.9071689606061084,2.2158770796774396
2024-06-12,1.933738157351845,2.234075833286159
2024-06-13,1.9294150351413,2.2385743177525828
2024-06-14,1.914608519095965,2.2399364968274127
2024-06-17,1.9432616658588038,2.257763442962931
2024-06-18,1.918654307927103,2.263499827604838
2024-06-20,1.9312166778555853,2.2573512384147865
2024-06-21,1.9331950494493735,2.2543248027747884
2024-06-24,1.9131837467702182,2.246996721918885
2024-06-25,1.9275954174229006,2.2556499297554025
2024-06-26,1.948874299903161,2.2584648596909216
2024-06-27,1.9561509763154923,2.2620252057163124
2024-06-28,1.9795830592384471,2.2531239546935202
2024-07-01,1.9996582797016553,2.2577611272070413
2024-07-02,2.009549564081168,2.2729553162035985
2024-07-03,2.013699488537874,2.283098584301231
2024-07-05,2.0370865416059507,2.2962641711395038
2024-07-08,2.0257251781606134,2.2989139104883134
2024-07-09,2.0320429739228683,2.3011493868392994
2024-07-10,2.0508221082357228,2.323919957184244
2024-07-11,2.056566870805355,2.3038817214814635
2024-07-12,2.0367596120974154,2.3184133469877137
2024-07-15,2.071403976743846,2.324789394867253
2024-07-16,2.071328729726692,2.338575604283631
2024-07-17,2.0699082232786936,2.305786044740401
2024-07-18,2.0587827617151837,2.2880663952943814
2024-07-19,2.0360812498252185,2.272872463604034
2024-07-22,2.0241607993850175,2.296305340133076
2024-07-23,2.0261070536863217,2.292703310501693
2024-07-24,2.0302885744692185,2.240744952938692
2024-07-25,2.0200637546915488,2.2290701982801626
2024-07-26,2.0392353577140567,2.254034818676311
2024-07-29,2.031699310236928,2.255359688350716
2024-07-30,2.0296260547709455,2.243933234184671
2024-07-31,2.0610456186080426,2.2804074186526386
2024-08-01,2.0547925795461692,2.248114460094377
2024-08-02,2.016131029204755,2.2062582016354355
2024-08-05,2.000028764203407,2.142004080876485
2024-08-06,1.9795152622834777,2.1617522038276844
2024-08-07,1.9729263802796435,2.147303173614789
2024-08-08,1.9913305307740985,2.19694294492103
2024-08-09,1.9891109084322185,2.2066307810272665
2024-08-12,2.0194998956784387,2.2077902028087517
2024-08-13,2.018711428356415,2.2440984247713804
2024-08-14,2.0021141310877417,2.25117846244101
2024-08-15,2.0366262836705014,2.2897643589730365
2024-08-16,2.053380425611714,2.2948978751653164
2024-08-19,2.0300706402519264,2.3168404341270343
2024-08-20,2.0276583215592128,2.313072699296522
2024-08-21,2.016776715114398,2.3210216600367404
2024-08-22,2.0281495565559937,2.302804894993333
2024-08-23,2.0317459661863766,2.327273429016933
2024-08-26,2.053307334336845,2.32172564982683
2024-08-27,2.06066501516322,2.3249134164603897
2024-08-28,2.0425634164521043,2.311416933836278
2024-08-29,2.040425875993093,2.3116235507227696
2024-08-30,2.031671292673745,2.3336901312776246
2024-09-03,1.9561837093099006,2.285665213744265
2024-09-04,1.9656283417563365,2.2809871295433806
2024-09-05,1.939766226821736,2.275439093047068
2024-09-06,1.9387739939160928,2.237143180613517
2024-09-09,1.9645112487922411,2.26219065360923
2024-09-10,1.94710094195383,2.272044452220806
2024-09-11,1.9366611428539684,2.2953533071567107
2024-09-12,1.9403906869357646,2.3146878103756117
2024-09-13,1.9630992386787616,2.3267768280319636
2024-09-16,1.9560637078089667,2.3302128951580077
2024-09-17,1.951927626586066,2.3311651854405815
2024-09-18,1.9436814044878403,2.3242511102762915
2024-09-19,1.9423472304431135,2.363913318684029
2024-09-20,1.9476849189197742,2.3598270387657494
2024-09-23,1.9284098870504462,2.365723725176379
2024-09-24,1.9503129673851158,2.3724929369445356
2024-09-25,1.9539017090178832,2.3672601005552623
2024-09-26,1.9573418886311942,2.3766458591711603
2024-09-27,1.9216707784229465,2.3731987278780937
2024-09-30,1.9261960847022204,2.382708508087129
2024-10-01,1.9383910558256714,2.361363156838422
2024-10-02,1.941881038849428,2.362359703789086
2024-10-03,1.9254322546998788,2.358041076363332
2024-10-04,1.9338544376132951,2.3794695375178136
2024-10-07,1.920389443131199,2.357957966457558
2024-10-08,1.919266037448815,2.3802584383571466
2024-10-09,1.9278050664529105,2.3967455910580897
2024-10-10,1.9194037875207155,2.3925509852254727
2024-10-11,1.9493316938125782,2.4068780522949096
2024-10-14,1.9756702525444374,2.426562234652967
2024-10-15,2.000064596551391,2.4077086367402347
2024-10-16,2.0299729013471572,2.418173537600152
2024-10-17,2.0367457346240143,2.4183814410176927
2024-10-18,2.0740824376554348,2.4276835751153967
2024-10-21,2.0657540603859075,2.4236968727003205
2024-10-22,2.0683011977730086,2.4224095697325505
2024-10-23,2.064250385763308,2.4002750603383007
2024-10-24,2.024266647770575,2.405466213121582
2024-10-25,1.996707230724712,2.4046351140638373
2024-10-28,2.0511258467861597,2.41206920507819
2024-10-29,2.0533222648080853,2.415972797587491
2024-10-30,2.0461257863091773,2.408664014697325
2024-10-31,2.056524602991988,2.361446266744196
2024-11-01,2.043657087308691,2.3714130227818866
2024-11-04,2.025570836594414,2.3663052372105895
2024-11-05,2.0263967673860783,2.3949179450496803
2024-11-06,1.9199479414987866,2.4544694088647074
2024-11-07,1.940323067140182,2.4734470283705767
2024-11-08,1.9482141580875671,2.484161773560237
2024-11-11,1.9120531655147615,2.4865284760782354
2024-11-12,1.9127423342308463,2.478804400965407
2024-11-13,1.9089419761705633,2.4800088513336123
2024-11-14,1.9153463545727332,2.4640620416733077
2024-11-15,1.9316131751734151,2.432500604669587
2024-11-18,1.9266917545644338,2.442467360707277
2024-11-19,1.9344661429261407,2.4513961434945206
2024-11-20,1.9294059448806598,2.4522267279398458
2024-11-21,1.9334252989189016,2.4653907709408593
2024-11-22,1.9296810381046983,2.4730322507603333
2024-11-25,1.9266050625025484,2.4814209478131475
2024-11-26,1.9509286426807737,2.49437760200904
2024-11-27,1.945270567183967,2.4868194894015505
2024-11-29,1.9427008871807954,2.502267639627208
2024-12-02,1.9151044857556845,2.5067527441707207
2024-12-03,1.9230327894775914,2.507915510932934
2024-12-04,1.9271097500905467,2.5234881973641485
2024-12-05,1.9238884890161136,2.5193355324437334
2024-12-06,1.9096878668076749,2.5241116503105623
2024-12-09,1.9144561301351426,2.511113055202468
2024-12-10,1.9133101396811176,2.5033061274900743
2024-12-11,1.871472791296897,2.5226581275312436
2024-12-12,1.8540761767405374,2.509660047035569
2024-12-13,1.8566007467231902,2.509161387600922
2024-12-16,1.8614799008131744,2.519875360871953
2024-12-17,1.8467230559835563,2.50949382722402
2024-12-18,1.8341485166669402,2.434701859294666
2024-12-19,1.8066107463160768,2.4339541274489056
2024-12-20,1.8106112129112901,2.463188487090941
2024-12-23,1.816308025679265,2.4779388228755446
2024-12-24,1.7945695659733194,2.505480879575541
2024-12-26,1.8174835183104947,2.5056478713057198
2024-12-27,1.8001069399916945,2.4792719263486642
2024-12-30,1.745438745145064,2.450979564740809
2024-12-31,1.7725058854884086,2.442062875345427
2025-01-02,1.7672994358353218,2.4360627518384463
2025-01-03,1.8224301737779687,2.4665218890392633
2025-01-06,1.7802179538301248,2.4807303379459693
2025-01-07,1.7709821544430082,2.4526880779740674
2025-01-08,1.752853353544544,2.456271581558343
2025-01-10,1.6777577195204048,2.418770488006951
2025-01-13,1.6874650071736463,2.422520726015195
2025-01-14,1.6921629854511069,2.425853870657308
2025-01-15,1.6882015166847915,2.469980084499353
2025-01-16,1.6906640777345883,2.4652302118659266
2025-01-17,1.737891768973319,2.4899807534954985
2025-01-21,1.7665422568750573,2.5127726802558588
2025-01-22,1.7427376430954549,2.5268982765629997
2025-01-23,1.7624552425637914,2.540690404022204
2025-01-24,1.758023088798898,2.5332730379114903
2025-01-27,1.7868361827127557,2.497439545905994
2025-01-28,1.7996146577443914,2.5188981118870255
2025-01-29,1.7808603639348162,2.507606228868721
2025-01-30,1.8026051637102958,2.521064887479988
2025-01-31,1.798512095707177,2.5076479124747135
2025-02-03,1.754202731776054,2.4907724847031396
2025-02-04,1.7539723109475698,2.507480920744535
2025-02-05,1.7624233212311335,2.5176478610134714
2025-02-06,1.769102130844869,2.526398330597304
2025-02-07,1.767784117780589,2.5032729349890066
2025-02-10,1.7569541795087211,2.520273156272347
2025-02-11,1.7368134071831731,2.522190087535566
2025-02-12,1.7615457290780119,2.514064357429196
2025-02-13,1.770502283962035,2.54060677950401
2025-02-14,1.7823036312244986,2.5404819859922436
2025-02-18,1.7735986034703828,2.5479402637903203
2025-02-19,1.769640030557565,2.5539406446035113
2025-02-20,1.7445346360846195,2.543315441974871
2025-02-21,1.73864747493844,2.4998144822227086
2025-02-24,1.7273795026534164,2.4884392319924196
2025-02-25,1.7057680332570528,2.476063575218319
2025-02-26,1.7137473328574153,2.4773135687856636
2025-02-27,1.6856117443013903,2.437770750459286
2025-02-28,1.6951969817531527,2.4758137308885755
2025-03-03,1.697481586230426,2.4324375646481795
2025-03-04,1.7162321730988033,2.403644999768419
2025-03-05,1.7388714432156247,2.4294793151537863
2025-03-06,1.6967956680258807,2.3863529932431335
2025-03-07,1.6976008095169541,2.3997280273362067
2025-03-10,1.656862708165143,2.335810077140397
2025-03-11,1.6616557304743724,2.316392721321932
2025-03-12,1.658367844689396,2.3286850108840484
2025-03-13,1.6350390869920834,2.2976423031993414
2025-03-14,1.6550508499604237,2.345101918989709
2025-03-17,1.6423443573944698,2.363185914028845
2025-03-18,1.63059116084676,2.337643383885423
2025-03-19,1.6590549826137817,2.363102546816861
2025-03-20,1.6405573599047358,2.3562690084962474
2025-03-21,1.6511825646617302,2.357046330556138
2025-03-24,1.6767871933582716,2.3992574142784324
2025-03-25,1.6796656648537844,2.4050246756655187
2025-03-26,1.6570846409717106,2.376313162241854
2025-03-27,1.66396721612075,2.3700022128334006
2025-03-28,1.6524597243735393,2.3222744839723926
2025-03-31,1.6437739247262617,2.3378633806948264
2025-04-01,1.632682851755629,2.344466629957644
2025-04-02,1.6437261398097611,2.35930342062875
2025-04-03,1.6471864794847666,2.243034978206161
2025-04-04,1.6241156648437687,2.1117209411231905
2025-04-07,1.6285724905064978,2.107959510294819
2025-04-08,1.6356273752473214,2.0749431353276258
2025-04-09,1.6919722495884821,2.2928522907971836
2025-04-10,1.6933558024543716,2.192381420433198
2025-04-11,1.6942709898163142,2.231499683513359
2025-04-14,1.66352215395905,2.253148656089663
2025-04-15,1.666914239825656,2.24683796398742
2025-04-16,1.6484087652787152,2.196895085966002
2025-04-17,1.641656159049521,2.200029590214127
2025-04-21,1.640053558435991,2.1476630163492336
2025-04-22,1.6363733318748752,2.2035402761410214
2025-04-23,1.6478441296503097,2.237685067491416
2025-04-24,1.6488596555901844,2.284786255731493
2025-04-25,1.6561545838393015,2.301294507541642
2025-04-28,1.6836794317062518,2.3021721790233656
2025-04-29,1.6936765382316183,2.3166742143154853
2025-04-30,1.6933500202413077,2.317593569403201
2025-05-01,1.7046116686590453,2.334018196695156
2025-05-02,1.713070281270524,2.368664735154715
2025-05-05,1.7096483404292908,2.3550817976441016
2025-05-06,1.7353427738186973,2.3353976152860447
2025-05-07,1.7356012464206976,2.345218993315182
2025-05-08,1.7381684987553805,2.361560253395153
2025-05-09,1.7704694845536009,2.358550799965004
2025-05-12,1.727854563669349,2.4364950262709617
2025-05-13,1.7475598100476546,2.45258541279635
2025-05-14,1.7322046289882527,2.4557199170444757
2025-05-15,1.7099571069121113,2.4677145033218206
2025-05-16,1.6933511924598603,2.4833448263440365
2025-05-19,1.6728464948792803,2.4860614653074014
2025-05-20,1.706791518484583,2.4777028730811366
2025-05-21,1.7235963791919593,2.435951595555805
2025-05-22,1.7121698781840742,2.436913148861932
2025-05-23,1.733087780635198,2.420279074315177
2025-05-27,1.7048551464856805,2.470598391321573
2025-05-28,1.6950756455213873,2.4563050313656243
2025-05-29,1.6862592461947794,2.4660008439643653
2025-05-30,1.6771763727355682,2.463242778701218
2025-06-02,1.72431102620057,2.4771180160661963
2025-06-03,1.7089879915999433,2.4912438696795474
2025-06-04,1.7183792841949823,2.490575388146414
2025-06-05,1.701351568121501,2.4785388609568666
2025-06-06,1.7177197989561985,2.5039908193144296
2025-06-09,1.7042504560608753,2.5062476520808312
2025-06-10,1.6860162707332995,2.5204573875185865
2025-06-11,1.6722390637334559,2.51326902393462
2025-06-12,1.668655444179059,2.5232573936939358
2025-06-13,1.6517148888470095,2.495046855460806
2025-06-16,1.6811000748869487,2.518785669073334
2025-06-17,1.6751789961266892,2.4972622619274256
2025-06-18,1.7004249793518291,2.496886080248657
2025-06-20,1.6928394412518764,2.4910220717266753
2025-06-23,1.7180578772254993,2.5156269780414844
2025-06-24,1.7255500070597387,2.5434175925401745
2025-06-25,1.7182155369356704,2.544842811636412
2025-06-26,1.7112380780812393,2.564753166152908
2025-06-27,1.7260545476562543,2.5774957415822235
2025-06-30,1.7095541472968767,2.589819165195729
2025-07-01,1.6798718268947779,2.588981118870319
2025-07-02,1.6759293384163607,2.600717884325417
2025-07-03,1.6724163650417176,2.621215154306531
2025-07-07,1.6689884211332828,2.6016814960812233
2025-07-08,1.6448183024623388,2.6002567915974053
2025-07-09,1.6263572310308672,2.615849547912986
2025-07-10,1.646365552425897,2.6232267742549666
2025-07-11,1.6617327838732454,2.6140054343071486
2025-07-14,1.6762937187679368,2.618993315184666
2025-07-15,1.7016352032930215,2.6078015242819843
2025-07-16,1.7081984860098505,2.6165200878957986
2025-07-17,1.7010145373882046,2.6325322533333995
2025-07-18,1.7106896018973636,2.6306042579031574
2025-07-21,1.7087198623262956,2.6355923960868846
2025-07-22,1.69830869066417,2.6359696069904923
2025-07-23,1.6695367950288753,2.6583948724018476
2025-07-24,1.6683116566836877,2.6592751169456696
2025-07-25,1.6550290384070785,2.6705088487605533
2025-07-28,1.635383946805015,2.669838308777741
2025-07-29,1.6327718382730616,2.6627963524271663
2025-07-30,1.606833087507812,2.659442880594477
2025-07-31,1.631306553989652,2.6494666042270234
2025-08-01,1.6614619985293368,2.6060407778881305
2025-08-04,1.6912551462809486,2.645652296972532
2025-08-05,1.689712730059085,2.632238924254195
2025-08-06,1.694991231125261,2.652400924243903
2025-08-07,1.7157047126028253,2.650179342428247
2025-08-08,1.725051708623315,2.6708441187519587
2025-08-11,1.712793548977129,2.6655626514890276
2025-08-12,1.7386820477566667,2.693940181452336
2025-08-13,1.738943848820677,2.7031620360125737
2025-08-14,1.7175986454081,2.7034134241795758
2025-08-15,1.7123744524685707,2.697083948724015
2025-08-18,1.713771162571365,2.696497290565607
2025-08-19,1.7084640951876944,2.681868146005832
2025-08-20,1.71497391028929,2.6747423078308534
2025-08-21,1.7032605500924776,2.6640118669623933
2025-08-22,1.7245608210571122,2.704922525100217
2025-08-25,1.7131555647054588,2.6930179959963114
2025-08-26,1.7177194338589823,2.7042936687233974
2025-08-27,1.700321315474141,2.71045538053015
2025-08-28,1.7002319839576325,2.720054188687786
2025-08-29,1.6986344151858723,2.7038325759953854
2025-09-02,1.7062285815812057,2.6837966560484934
2025-09-03,1.715788636839621,2.698341404171445
2025-09-04,1.696954408274824,2.720892749625616
2025-09-05,1.7179268525750522,2.7130122323372117
2025-09-08,1.7268282664642545,2.719677235090388
2025-09-09,1.7240269798981713,2.7259645123275367
2025-09-10,1.7430991286092559,2.733844772309731
2025-09-11,1.7580896742824703,2.7565638814127102
2025-09-12,1.770042564577522,2.755641181344267
2025-09-15,1.7768814798946568,2.770312266816244
2025-09-16,1.7672751141912197,2.7664979595617525
2025-09-17,1.757543972948842,2.7630608632108693
2025-09-18,1.7788327760027896,2.7759709449827827
2025-09-19,1.8122935566239373,2.7897201023049454
2025-09-22,1.8455069663696584,2.8029183670318663
2025-09-23,1.8291912925387726,2.787660623401482
2025-09-24,1.81806278512485,2.778791278348708
2025-09-25,1.8244964007634281,2.7659715110564442
2025-09-26,1.8288379582677743,2.7818179712949154
2025-09-29,1.852609482587104,2.7896359631743315
2025-09-30,1.84768494885612,2.8001440914775
2025-10-01,1.8320658533425804,2.8096857776565547
2025-10-02,1.8474125385966509,2.812921917857562
2025-10-03,1.8600465464542069,2.81288023425157
2025-10-06,1.8949817686263213,2.8229679242078793
2025-10-07,1.8569725399270285,2.812501736816913
2025-10-08,1.9178783421506027,2.829272955573506
2025-10-09,1.9161186055762236,2.821076466259433
2025-10-10,1.8905043910994412,2.744828917101082
2025-10-13,1.9449415234763239,2.786945826750579
2025-10-14,1.9264908221514776,2.783541150982134
2025-10-15,1.9629655324741822,2.7958987963215467
2025-10-16,1.9818680428854358,2.7768581367942695
2025-10-17,1.93563064631222,2.792620457902127
2025-10-20,1.9383916535641401,2.82166492556131
2025-10-21,1.8651617368330822,2.821622727342898
2025-10-22,1.8444369604630242,2.80695344301439
2025-10-23,1.8756464791160377,2.823598581728168
2025-10-24,1.8856478193535358,2.8466745745441786
2025-10-27,1.8752933629449997,2.8802586956633576
2025-10-28,1.9042632790202265,2.887908666587756
2025-10-29,1.943343471187241,2.8892958043649393
2025-10-30,1.9168769389013969,2.8575190020635923
2025-10-31,1.9155103926342287,2.866892409981419
2025-11-03,1.9039618104221194,2.872272682828924
2025-11-04,1.8459412895644824,2.838225925144474
2025-11-05,1.8866670422721636,2.8480617123213614
2025-11-06,1.8301311772888407,2.8175037695359704
2025-11-07,1.830914262225296,2.8202777877841267
2025-11-10,1.8725289384635526,2.8642864126882803
2025-11-11,1.8459040320979387,2.870843346833329
2025-11-12,1.8702048844997,2.8724407037839415
2025-11-13,1.8150169386721562,2.824775243025712
2025-11-14,1.806746104880146,2.8243131210728607
2025-11-17,1.7930179108101618,2.7980004734434227
2025-11-18,1.7762031877565887,2.774504299586763
2025-11-19,1.7801075448050303,2.7852226470633608
2025-11-20,1.7423311257927192,2.742769438197618
2025-11-21,1.7536727305379856,2.770090726169582
2025-11-24,1.8062361043118398,2.810862438954098
2025-11-25,1.8344445176310826,2.837301166626352
2025-11-26,1.843525891605513,2.8568886018495134
2025-11-28,1.86069685927062,2.872482644696144
2025-12-01,1.8476638601880435,2.859368519099837
2025-12-02,1.8714542130682486,2.8646646528167277
2025-12-03,1.8702626313141406,2.87458432181802
2025-12-04,1.8698366212128275,2.8766859989398954
2025-12-05,1.8658092870102925,2.8821501536118044
2025-12-08,1.9033899070828049,2.87349154234488
2025-12-09,1.9521516762020112,2.8710113677883475
2025-12-10,1.9609205665293779,2.8900525419280445
2025-12-11,1.9871086821667592,2.8967774970281104
2025-12-12,1.9532435949734848,2.865631352247052
2025-12-15,1.9588248017914773,2.861301917960485
2025-12-16,1.9791086397654052,2.853483926081069
2025-12-17,1.9426425742819835,2.8220853639081698
2025-12-18,1.982727344008882,2.84339572151234
2025-12-19,2.019057810603231,2.86916673957009
2025-12-22,2.0493407258139498,2.887041287354426
2025-12-23,2.032596779244609,2.900236464406829
2025-12-24,2.045995772079113,2.910438398320302
2025-12-26,2.0656528701548984,2.9101432680976296
2025-12-29,2.0152409512472893,2.8997725413105093
2025-12-30,2.0257002225785246,2.8962314932508555
2025-12-31,2.0214952783236533,2.8747734418822435
2026-01-02,2.0545087685871017,2.880043073059522
2026-01-05,2.1105727823170692,2.8992244790835753
2026-01-06,2.1663422179099325,2.916466825510364
2026-01-07,2.142160848949256,2.907065885828086
2026-01-08,2.107583232727382,2.9067707556054128
2026-01-09,2.152385795920197,2.9259943598478775
2026-01-12,2.163042790340276,2.9305893341429874
2026-01-13,2.1428313847456537,2.924729699826573
2026-01-14,2.2112902085176667,2.9103540018834786
2026-01-15,2.2007233917910063,2.918279547758603
2026-01-16,2.177950290165969,2.915834366846607
2026-01-20,2.113457036772108,2.8564774265262094
2026-01-21,2.067814708159124,2.889444270048011
2026-01-22,2.124778259675994,2.9045363084792664
2026-01-23,2.1162038910609704,2.9055902347147224
2026-01-26,2.12374306753622,2.920345202011103
2026-01-27,2.150817456386375,2.9319805888195285
2026-01-28,2.194642752289884,2.9316854585968555
2026-01-29,2.1438374241614206,2.925867765192643
2026-01-30,1.8878699737445805,2.917141225086324
2026-02-02,1.9705578235884436,2.9316432603784435
2026-02-03,1.976123802977071,2.9068551520422368
2026-02-04,1.9384421027038345,2.8927745843218156
2026-02-05,1.8722799406920754,2.8566459620936464
2026-02-06,1.9220912806360047,2.9114501263373467
2026-02-09,1.9909425598394315,2.925488495839356
2026-02-10,1.960472872782083,2.917773683750081
2026-02-11,1.9704389837733585,2.9170992841741215
2026-02-12,1.9063957467562975,2.8720333880537847
2026-02-13,1.9238954524923981,2.8740568440878724
