Date,FullPortfolio,BuyHold_SPY
2018-01-02,1.0,1.0
2018-01-03,1.0,1.0063251020637376
2018-01-04,1.0,1.010566602498778
2018-01-05,1.0,1.0173010787950194
2018-01-08,1.0,1.0191614672579736
2018-01-09,1.0,1.0214685393586567
2018-01-10,1.0,1.0199056612390918
2018-01-11,1.0,1.027346571825301
2018-01-12,1.0,1.034044060349121
2018-01-16,1.0,1.0305091871837306
2018-01-17,1.0,1.0403318530076335
2018-01-18,1.0,1.0385829424744295
2018-01-19,1.0,1.0433081143196203
2018-01-22,1.0,1.051791436822505
2018-01-23,1.0,1.0540235684799342
2018-01-24,1.0,1.0536145158802341
2018-01-25,1.0,1.0540610708648415
2018-01-26,1.0,1.066264527028027
2018-01-29,1.0,1.059195295309732
2018-01-30,1.0,1.0483314397738075
2018-01-31,1.000267563129199,1.0488521632829397
2018-02-01,1.0001442811696202,1.0476612213375323
2018-02-02,0.9996411071299635,1.0248537889437825
2018-02-05,0.9969716090130819,0.9819921009556485
2018-02-06,0.9986979137483899,1.00133947197414
2018-02-07,0.9974448198135166,0.99590773718586
2018-02-08,0.9948341849792409,0.9585518238574094
2018-02-09,0.9954693553559738,0.9729504882321636
2018-02-12,0.9966507666593243,0.9872379963099714
2018-02-13,0.9971848159460865,0.9896939843987509
2018-02-14,0.9976634859683051,1.003050880122437
2018-02-15,0.9979845825246003,1.0158498072583264
2018-02-16,0.998002117460589,1.0161474462548372
2018-02-20,0.9980886799915776,1.0097852277655568
2018-02-21,0.9979532362771182,1.0047624812504161
2018-02-22,0.9981393810902199,1.0060645151662093
2018-02-23,0.9982440654879577,1.0221006764709784
2018-02-26,0.9982284499735362,1.0339695058652318
2018-02-27,0.9982284499735362,1.021058972146471
2018-02-28,0.9982069003807249,1.0107154541603143
2018-03-01,0.9981610454446433,0.9960190864624886
2018-03-02,0.9982812806069417,1.0011534395605006
2018-03-05,0.9983312561471378,1.0127247586113648
2018-03-06,0.9983286560677257,1.0152919029970904
2018-03-07,0.9983286560677257,1.0149199668229332
2018-03-08,0.9983286560677257,1.0198307207958381
2018-03-09,0.9983286560677257,1.0375786762082684
2018-03-12,0.9983286560677257,1.036276256333111
2018-03-13,0.9983286560677257,1.0295792824217769
2018-03-14,0.9983286560677257,1.0242958846825467
2018-03-15,0.9983286560677257,1.0231798831803929
2018-03-16,0.9982328659434122,1.0242891303936699
2018-03-19,0.9979697083285869,1.0104302945165855
2018-03-20,0.998011785365923,1.0121486499334416
2018-03-21,0.9984094179949864,1.0102059234727494
2018-03-22,0.9981899606800653,0.9849536314852272
2018-03-23,0.9953483564892167,0.963959822144779
2018-03-26,0.9981541098216223,0.9903330044530707
2018-03-27,0.9975178575689876,0.9734856852174606
2018-03-28,0.9972404498723932,0.9706090657480493
2018-03-29,0.998488918599477,0.9830112909838994
2018-04-02,0.9973953108205125,0.9617931749261758
2018-04-03,0.9984822359706601,0.9741206526984544
2018-04-04,0.999009040745757,0.984542906394948
2018-04-05,0.9990524688736427,0.9923129116658663
2018-04-06,0.9990461064921763,0.9701980190249664
2018-04-09,0.9991899222244196,0.9749799268967234
2018-04-10,0.9994669742287744,0.9904822420739706
2018-04-11,0.9994599989621882,0.9852898664181774
2018-04-12,0.9994599989621882,0.993396170948607
2018-04-13,0.9996058539844737,0.9904822420739706
2018-04-16,0.9995938587142258,0.9986255987033824
2018-04-17,0.9995938587142258,1.009309597175498
2018-04-18,0.9995938587142258,1.0100564928721667
2018-04-19,0.9995489936013118,1.004453456452655
2018-04-20,0.9992868492862385,0.9959359765460212
2018-04-23,0.9992391044395339,0.9957868675782424
2018-04-24,0.9991866964933184,0.9823761948497837
2018-04-25,0.9989720929182415,0.984804522517448
2018-04-26,0.9995130330523183,0.9948154078580552
2018-04-27,0.9997683374177739,0.9957494938464567
2018-04-30,0.9996735140858002,0.988091545444335
2018-05-01,0.9992532860951004,0.9898474032460983
2018-05-02,0.9990327335395873,0.9831982239693887
2018-05-03,0.9989121733155594,0.9810312551179818
2018-05-04,0.9996138216775725,0.9937322129018753
2018-05-07,0.9996541667093072,0.9970943692516981
2018-05-08,0.9995712025649194,0.9970943692516981
2018-05-09,0.9995551148696672,1.0067320318869335
2018-05-10,0.9999150206357802,1.016145709437697
2018-05-11,0.9998999769412098,1.0192463139915802
2018-05-14,0.9998999769412098,1.019731786545431
2018-05-15,0.9997935682056077,1.0127089342774245
2018-05-16,0.9996450094890675,1.0169676099041807
2018-05-17,0.9994923421357577,1.0161082713793508
2018-05-18,0.9996550731241518,1.0135680798225721
2018-05-21,0.9997793752798713,1.0211886544929083
2018-05-22,0.9997933087330733,1.018349601734965
2018-05-23,0.9999740616618368,1.021151216434562
2018-05-24,1.000066109767269,1.0190594453326518
2018-05-25,0.9988801265032153,1.016631246318109
2018-05-29,0.9973459686966625,1.0049391219861887
2018-05-30,1.0010481524724644,1.0183496017349654
2018-05-31,1.0002780192076675,1.0121112762016564
2018-06-01,1.0020704920188213,1.022047671384935
2018-06-04,1.003283835571323,1.0269040694140203
2018-06-05,1.0035875653148603,1.0276512224169323
2018-06-06,1.0048181145692177,1.0362426135418483
2018-06-07,1.0050822067251088,1.0361310712855376
2018-06-08,1.0054276267863687,1.0391943021076349
2018-06-11,1.0060663400153593,1.0405762296118581
2018-06-12,1.0070995446641398,1.0419213623233423
2018-06-13,1.0055443145250933,1.0385965797053054
2018-06-14,1.0073662385719553,1.0412108754600484
2018-06-15,1.0065804753445207,1.0398831752465227
2018-06-18,1.006050963793686,1.0377442527755953
2018-06-19,1.0038605640451248,1.0337668128723632
2018-06-20,1.0048378391059007,1.0355301325551716
2018-06-21,1.0027217405472295,1.029038424699136
2018-06-22,1.0048749668304313,1.030914701822591
2018-06-25,1.0011199695562953,1.016881026353435
2018-06-26,1.002343704141712,1.019132713285327
2018-06-27,0.9998398600035391,1.0106899808422647
2018-06-28,1.0015896157675805,1.0164688217522593
2018-06-29,1.002300180642466,1.0179318007230058
2018-07-02,1.0025056323662402,1.020107839619476
2018-07-03,1.0026291821560445,1.0165058738512414
2018-07-05,1.005166218391891,1.0247981464687497
2018-07-06,1.0075128177670427,1.033466472160302
2018-07-09,1.0077406513434997,1.0427720810890344
2018-07-10,1.0084461310194734,1.0465246353359448
2018-07-11,1.0073247934055105,1.038869774608738
2018-07-12,1.0086871756193057,1.048287955018753
2018-07-13,1.0088203040972814,1.049113522099198
2018-07-16,1.0076239227663129,1.0481756408437135
2018-07-17,1.0076751186757003,1.0524158547475395
2018-07-18,1.007169528855852,1.0546300392945243
2018-07-19,1.007817982683873,1.0506518917991239
2018-07-20,1.0069535202891227,1.0494513008696065
2018-07-23,1.005765393426708,1.0514026470894369
2018-07-24,1.0065441601356142,1.056693249403469
2018-07-25,1.00890682977487,1.0656994825185508
2018-07-26,1.0087871529577646,1.0631847642798224
2018-07-27,1.0068627559070868,1.0559806397636706
2018-07-30,1.00534285861721,1.0504644442011484
2018-07-31,1.0081540085229168,1.0556426036870197
2018-08-01,1.007174358448741,1.0538794126573328
2018-08-02,1.0084917299472878,1.0596205582027376
2018-08-03,1.0102209545374778,1.064160405226457
2018-08-06,1.0111043952818968,1.0680631619926784
2018-08-07,1.0118681591905703,1.0715902516442202
2018-08-08,1.0110156029657777,1.0711397084128476
2018-08-09,1.0110420520391408,1.0696768580952223
2018-08-10,1.0094851196831853,1.0625096570249313
2018-08-13,1.0074199348330042,1.0585318954888954
2018-08-14,1.0096806769745483,1.0652859913861603
2018-08-15,1.0065738854807806,1.0573314332124994
2018-08-16,1.0095686974426696,1.0658866084837229
2018-08-17,1.0115322770279669,1.0696389054243902
2018-08-20,1.012834848753256,1.071927708781825
2018-08-21,1.013684049440459,1.0744419767346285
2018-08-22,1.0133172690904266,1.0738041145584019
2018-08-23,1.0127076288442536,1.0723779303803944
2018-08-24,1.0146358375676559,1.0788321358515227
2018-08-27,1.0160365198041854,1.0873500660440818
2018-08-28,1.0160887478083773,1.0878752280859048
2018-08-29,1.0180470277865405,1.0937286878063492
2018-08-30,1.0170963325155613,1.0893008333248657
2018-08-31,1.0174247554942983,1.0893382713832123
2018-09-04,1.0156236489312054,1.0874623802191214
2018-09-05,1.0122927661037264,1.0845355217057777
2018-09-06,1.0079237543051225,1.081271077401708
2018-09-07,1.0051814734136706,1.0791702362547346
2018-09-10,1.006586176847669,1.0810459344391432
2018-09-11,1.011964349757912,1.0846106551287138
2018-09-12,1.0106985685905223,1.0848732361496252
2018-09-13,1.0130590298857054,1.0912896819296034
2018-09-14,1.0152491699369337,1.0914776441400647
2018-09-17,1.0080995840978457,1.0856991891894348
2018-09-18,1.0079859301181253,1.0915900869682258
2018-09-19,1.0049409974850314,1.092752982533154
2018-09-20,1.0052928246199373,1.1016085628429995
2018-09-21,1.0021653220755682,1.1006022381268952
2018-09-24,1.0013296508347647,1.0969460450679627
2018-09-25,0.9988425945219515,1.0959282702240478
2018-09-26,0.99797789093038,1.0926490308110097
2018-09-27,1.0014444419320059,1.0957017120771468
2018-09-28,1.00385904348012,1.095815570089644
2018-10-01,1.0044715923099692,1.0996222873006913
2018-10-02,0.9985471715262505,1.0989815947557924
2018-10-03,0.9991681550583341,1.0995845919361018
2018-10-04,0.9912025169413312,1.090990563422196
2018-10-05,0.9869684976795481,1.0848843003180715
2018-10-08,0.9905577058511084,1.0848843003180715
2018-10-09,0.9924480505125298,1.0833012236584365
2018-10-10,0.9791406148175934,1.0490003073523093
2018-10-11,0.9629617175627618,1.02589446404332
2018-10-12,0.9658407388399352,1.040142282633156
2018-10-15,0.966676460592518,1.0343001443874003
2018-10-16,0.9767177287726007,1.0569161409364092
2018-10-17,0.9734504535546493,1.0571042961265529
2018-10-18,0.9706629562544603,1.0418386383662415
2018-10-19,0.9686954247379321,1.041272950591157
2018-10-22,0.9674871024729322,1.0365992399945527
2018-10-23,0.9633806943695382,1.0313223392379565
2018-10-24,0.9625678443607606,1.0000746188104523
2018-10-25,0.9700684633989471,1.018016583130053
2018-10-26,0.9655540970938816,1.0001121855219202
2018-10-29,0.9679467475619689,0.9945712242335157
2018-10-30,0.9717135270763428,1.0093095971755
2018-10-31,0.9694940228168403,1.0200898925090325
2018-11-01,0.9658679097344521,1.0309453212655009
2018-11-02,0.9648102120583549,1.0248389938348157
2018-11-05,0.97308252515514,1.0304930412169884
2018-11-06,0.9736493983140011,1.0370139533315967
2018-11-07,0.9776207054720226,1.0592154295232432
2018-11-08,0.9797062840328271,1.057293158908864
2018-11-09,0.9836969580638036,1.0469652722769653
2018-11-12,0.9816734959891495,1.027402149973776
2018-11-13,0.9790080876698376,1.0254796863797147
2018-11-14,0.9946002747988737,1.0184689918316867
2018-11-15,0.9784623122564249,1.029098119747497
2018-11-16,0.9890389739471864,1.031774554959908
2018-11-19,0.9866837573568069,1.0143229520127737
2018-11-20,0.9771987291916199,0.9955514323659624
2018-11-21,0.9766768125684664,0.9989437578727689
2018-11-23,0.9728636393688117,0.9922722572794851
2018-11-26,0.9738149384761295,1.0082917580050244
2018-11-27,0.9741463788369288,1.0116838262055878
2018-11-28,0.9874941254549126,1.034978467970328
2018-11-29,0.9876642346844525,1.0327170677277653
2018-11-30,0.9927778989259745,1.0390118719813977
2018-12-03,0.990595867242741,1.0527697151581314
2018-12-04,0.9866553414092781,1.0186574043280732
2018-12-06,0.9883890362276226,1.017111958706467
2018-12-07,0.9826051391677966,0.9934783802932257
2018-12-10,0.9880666442983135,0.9953628912164546
2018-12-11,0.9847445310029409,0.9955891920571127
2018-12-12,0.9773784406091433,1.0006021609350222
2018-12-13,0.9773249150771735,1.0002630956333993
2018-12-14,0.9654248628556421,0.9817935891892288
2018-12-17,0.9474883078343938,0.9625323514355585
2018-12-18,0.9545222286710657,0.9614767525739327
2018-12-19,0.9504410120240102,0.9470781525257392
2018-12-20,0.9397592770674174,0.9316615846539487
2018-12-21,0.9335301113283048,0.9125722917971173
2018-12-24,0.9227367961757723,0.8884594161798557
2018-12-26,0.9274297277359017,0.9333486773622887
2018-12-27,0.9309751265990995,0.9405143345951222
2018-12-28,0.9257037909641379,0.9393010713331403
2018-12-31,0.9196512762977043,0.9475282454711869
2019-01-02,0.915230583106155,0.948513921361296
2019-01-03,0.9142036429019125,0.9258799133752821
2019-01-04,0.9140318798691992,0.9568930348357936
2019-01-07,0.9089267578589303,0.9644377684910256
2019-01-08,0.9109193668798627,0.9734989364889732
2019-01-09,0.9009332523250698,0.9780484324968026
2019-01-10,0.9027909928563336,0.9814985232551473
2019-01-11,0.9113186406394326,0.9818776640041066
2019-01-14,0.9233327120063599,0.9758874460155441
2019-01-15,0.9209446821685628,0.9870719051301612
2019-01-16,0.9175734643314439,0.9894605433098533
2019-01-17,0.9186761113672642,0.9969669383348886
2019-01-18,0.9168674057789726,1.0102366715687816
2019-01-22,0.9165406226789901,0.9965879905656114
2019-01-23,0.917488595030883,0.9986732646848875
2019-01-24,0.9167178009405763,0.9992038944843725
2019-01-25,0.9122571746508941,1.0076585916677312
2019-01-28,0.9108521873785217,1.0000001929796842
2019-01-29,0.9103851454640411,0.9986732646848874
2019-01-30,0.9061566260739913,1.0144829964958768
2019-01-31,0.9102340432106639,1.0233927397698597
2019-02-01,0.9028325531529132,1.0238856742047553
2019-02-04,0.8970933292855635,1.0310889624756177
2019-02-05,0.899710643443996,1.0354113213974994
2019-02-06,0.8994839008542295,1.0340463117787486
2019-02-07,0.9051635931180588,1.0241890382651713
2019-02-08,0.9072134643524595,1.0254403185245462
2019-02-11,0.9058005558597231,1.0260089009948639
2019-02-12,0.9008120717257958,1.0392024072542887
2019-02-13,0.8942754615602975,1.042576528344408
2019-02-14,0.893815477009907,1.0402641171391842
2019-02-15,0.8934736712423792,1.0516001939574484
2019-02-19,0.8958571100447301,1.0534200566871408
2019-02-20,0.8915007121189092,1.0555432834772493
2019-02-21,0.8928772255769939,1.0517898286584888
2019-02-22,0.8934911262171287,1.0583108050996577
2019-02-25,0.8968966491777256,1.059751720060073
2019-02-26,0.8976176349914146,1.058993309909033
2019-02-27,0.8916514700062307,1.0585383924715304
2019-02-28,0.8913830710609465,1.056566590405387
2019-03-01,0.8914436108367986,1.063163858147585
2019-03-04,0.8906836606506491,1.0592965453163274
2019-03-05,0.8929877127294013,1.0578559519887158
2019-03-06,0.8923765334004422,1.0514481902944366
2019-03-07,0.8929395821854307,1.0426526266657548
2019-03-08,0.8965672859701638,1.040567738505843
2019-03-11,0.8961093392638675,1.055656948510064
2019-03-12,0.8988442135778929,1.0596374760882115
2019-03-13,0.899074827303236,1.0666519015767622
2019-03-14,0.8990993252624679,1.0659693324408261
2019-03-15,0.8980512899798182,1.0712360696008265
2019-03-18,0.8964796725370351,1.0751201716644354
2019-03-19,0.8959434166163813,1.0753864836258693
2019-03-20,0.8955062235064126,1.0721495710897933
2019-03-21,0.8996501121381337,1.0842591748008696
2019-03-22,0.9055116488014566,1.0633913168663363
2019-03-25,0.9063038688229327,1.0625915447367449
2019-03-26,0.9042611860686823,1.0705123957925817
2019-03-27,0.9025748738444549,1.0649145698244895
2019-03-28,0.9007375245139472,1.0689511258370352
2019-03-29,0.8986121618577697,1.0756911985440603
2019-04-01,0.8932109680340191,1.08844799178267
2019-04-02,0.8936013686405253,1.088981258971145
2019-04-03,0.8921882899493199,1.0906950472021888
2019-04-04,0.8893246721361758,1.093588584557073
2019-04-05,0.8889307914655247,1.098882145892899
2019-04-08,0.8887192720123528,1.0997199350198834
2019-04-09,0.8916320604457094,1.0940840277278374
2019-04-10,0.8909530284086068,1.0978159974753132
2019-04-11,0.8872148904417784,1.0975116041899253
2019-04-12,0.885113934189283,1.104936819095316
2019-04-15,0.8840571634799668,1.104213273940193
2019-04-16,0.8753858064759464,1.104936819095316
2019-04-17,0.8722045926134585,1.1022330450945936
2019-04-18,0.8739155605024997,1.1044038092130837
2019-04-22,0.8702984412015995,1.105355713658808
2019-04-23,0.8681821405646856,1.1152946819045158
2019-04-24,0.8727215603103958,1.1128196531537593
2019-04-25,0.8763888740732327,1.1121340606694687
2019-04-26,0.882972472789578,1.1173127347678258
2019-04-29,0.8787016452890652,1.119064732975945
2019-04-30,0.8812255360518819,1.1196355668758882
2019-05-01,0.8819970966981283,1.1112201088945766
2019-05-02,0.8845814215129044,1.108820985485485
2019-05-03,0.8883227511286392,1.1196737768529634
2019-05-06,0.8863518600477439,1.115066322613914
2019-05-07,0.8856890704874295,1.0964450698129746
2019-05-08,0.8805414216732999,1.0949219455079426
2019-05-09,0.8817225082589233,1.091608870323959
2019-05-10,0.884981117253238,1.0970924523201897
2019-05-13,0.8894798082906638,1.069522603002585
2019-05-14,0.8865646187621833,1.0791947446743733
2019-05-15,0.890001743981562,1.0855159871444668
2019-05-16,0.8882203348856463,1.0955694566682792
2019-05-17,0.8899762168325186,1.0884862017597445
2019-05-20,0.8842085893183339,1.0812890888387126
2019-05-21,0.886310956966256,1.0910376504646513
2019-05-22,0.8953538607374655,1.0876866226098354
2019-05-23,0.9063162555071659,1.0743964335296294
2019-05-24,0.904104767554778,1.0768335739361141
2019-05-28,0.9029427107385379,1.0668184430424985
2019-05-29,0.8984238278281772,1.0596594114454205
2019-05-30,0.9085227952258658,1.062553785045594
2019-05-31,0.9230988167764754,1.0482352715655128
2019-06-03,0.927959367384044,1.0455695788887445
2019-06-04,0.938840262948325,1.0682657263324262
2019-06-05,0.9481967603130785,1.0775191020938437
2019-06-06,0.9486381013007773,1.084525872721667
2019-06-07,0.9548499904448288,1.0953786640891454
2019-06-10,0.9615744309514023,1.1004051415448086
2019-06-11,0.9607579898241313,1.1001384436240105
2019-06-12,0.9642684017853755,1.0981966820617293
2019-06-13,0.9653597823481121,1.1027282309591142
2019-06-14,0.9602176255806819,1.1015097572457129
2019-06-17,0.9654224861892443,1.1019287804623263
2019-06-18,0.9699797296438629,1.1134667783547307
2019-06-19,0.9729579838678889,1.1159800170825624
2019-06-20,0.9742192037289565,1.1266426591365146
2019-06-21,0.9717916086413678,1.1250046475940139
2019-06-24,0.9654920482182011,1.123627415928724
2019-06-25,0.9600473277973057,1.1126067322377329
2019-06-26,0.9580264456958062,1.1114970990650916
2019-06-27,0.9627076682803452,1.115438387441192
2019-06-28,0.9693283438587026,1.1211783751085038
2019-07-01,0.9762654130565285,1.1313571527726236
2019-07-02,0.9857117997948378,1.1343031806010657
2019-07-03,0.9876333421228253,1.1433724537456658
2019-07-05,0.9784647940598952,1.1420711274220408
2019-07-08,0.9799309041544917,1.1357958141163105
2019-07-09,0.9779554248503691,1.137211899024283
2019-07-10,0.9771387012228131,1.142645563609385
2019-07-11,0.9747356702354227,1.1453237356389359
2019-07-12,0.9750338015650272,1.1504513344480711
2019-07-15,0.9796908025476915,1.1508338201781885
2019-07-16,0.9826340475906762,1.1471221776239042
2019-07-17,0.9845381093595211,1.139316278132097
2019-07-18,0.9869792348492604,1.1434869550237705
2019-07-19,0.9841568396488295,1.1371352217638895
2019-07-22,0.9824207720297535,1.1399281523777876
2019-07-23,0.9858957945788054,1.1480789708882442
2019-07-24,0.9874638589007585,1.153474168190028
2019-07-25,0.9885119920988148,1.1479640836507754
2019-07-26,0.9907258186264319,1.1556552245582354
2019-07-29,0.9942362973912405,1.1535509741035432
2019-07-30,0.9920063394360077,1.1507193189000842
2019-07-31,0.9867082082377231,1.1381299676990622
2019-08-01,0.9959005518985753,1.1282187885275907
2019-08-02,0.9882192313121139,1.1197242088765778
2019-08-05,0.9661099083280522,1.0860505408641565
2019-08-06,0.973785928721457,1.101280754689504
2019-08-07,0.975963619525431,1.101931096218513
2019-08-08,0.9878866715964792,1.1235506100152093
2019-08-09,0.9823122854879335,1.1158976790848247
2019-08-12,0.974790917415584,1.102313453295509
2019-08-13,0.9834380734047691,1.1194566103839292
2019-08-14,0.9665552008819348,1.0863564779870019
2019-08-15,0.964298667281223,1.0892264718206577
2019-08-16,0.9750180465275895,1.1052983343666336
2019-08-19,0.9839767410389061,1.1186145757039365
2019-08-20,0.978960820296896,1.110043061486287
2019-08-21,0.9861915117086918,1.1190738673475689
2019-08-22,0.9867532348091449,1.1187292056351623
2019-08-23,0.9711633872469084,1.0899919578933783
2019-08-26,0.9727024683933977,1.1020454688434957
2019-08-27,0.9688762692135945,1.0977214374310351
2019-08-28,0.9688862086848528,1.1054511742749347
2019-08-29,0.9739077610177327,1.119571240315155
2019-08-30,0.9730989263356487,1.1190738673475686
2019-09-03,0.9642567202706834,1.1125303122835823
2019-09-04,0.9584343620599807,1.1251578734616796
2019-09-05,0.9545312551924974,1.1396223439080635
2019-09-06,0.9515849792739245,1.1405024599120102
2019-09-09,0.9393808856424128,1.1410761241806255
2019-09-10,0.9333347800591242,1.1408083970348555
2019-09-11,0.9375840220004683,1.148920490955751
2019-09-12,0.939877556663548,1.1529006325745343
2019-09-13,0.9306438443814803,1.1521350178486922
2019-09-16,0.9158375857179997,1.148576729815195
2019-09-17,0.9257704360576717,1.1514844190134403
2019-09-18,0.9289158938138444,1.1521734851320105
2019-09-19,0.9318178000486442,1.152096807871617
2019-09-20,0.9296201538821692,1.1466533656492834
2019-09-23,0.9312692304466732,1.1463843519722987
2019-09-24,0.9359834020268116,1.1373887970662984
2019-09-25,0.9385554834431309,1.144116454747102
2019-09-26,0.9442726097557549,1.1417328983657078
2019-09-27,0.9433678633827386,1.1355821212815562
2019-09-30,0.9512152375465862,1.1408485368087529
2019-10-01,0.9509686045417229,1.1272785915159198
2019-10-02,0.9507052329900458,1.1073656613754652
2019-10-03,0.9513428897668984,1.116437893541859
2019-10-04,0.9548224913349875,1.1315453722893285
2019-10-07,0.9531939033282599,1.1266635009421926
2019-10-08,0.9584046736127337,1.109172208507086
2019-10-09,0.9600665061740866,1.1197054255208438
2019-10-10,0.9565161691541232,1.1272785915159198
2019-10-11,0.9491503898297792,1.1389649264573742
2019-10-14,0.9481722527414699,1.1376960207203586
2019-10-15,0.9388622024692204,1.14895985881092
2019-10-16,0.9430648132038852,1.1471149730491024
2019-10-17,0.9428673684677923,1.150497649571799
2019-10-18,0.9465180266270335,1.1454616517851473
2019-10-21,0.9454018522482344,1.1532271541968144
2019-10-22,0.9454969272114536,1.149459933494057
2019-10-23,0.9471258841102127,1.1528038854271923
2019-10-24,0.9467468698472213,1.1546878817379354
2019-10-25,0.942119708411188,1.1594165272174057
2019-10-28,0.9304700323048517,1.1659513338691323
2019-10-29,0.9284674438020316,1.1656052569723896
2019-10-30,0.9331722167427783,1.1691805272179203
2019-10-31,0.9398001940829461,1.1660666070659655
2019-11-01,0.9314842481718062,1.176868837756708
2019-11-04,0.9176229831948906,1.1815972259299354
2019-11-05,0.9073220610595695,1.1802901102158443
2019-11-06,0.914489485284184,1.1805592525459505
2019-11-07,0.9047649463220011,1.1847112747350115
2019-11-08,0.9001933877571354,1.1876329871234967
2019-11-11,0.9046940654960092,1.1853645752858144
2019-11-12,0.9068718917563495,1.187863404864042
2019-11-13,0.9108568369047833,1.1882478203909812
2019-11-14,0.915149909304698,1.1899773043028439
2019-11-15,0.9118059581245289,1.1985888296412692
2019-11-18,0.9194191261181733,1.1994726765857384
2019-11-19,0.92278828070311,1.1991272429546032
2019-11-20,0.919953848166262,1.1946673538458747
2019-11-21,0.9132032699379318,1.1927456621705421
2019-11-22,0.9113105527253915,1.195398232228921
2019-11-25,0.9136368049575964,1.2046629294650273
2019-11-26,0.9193716121384438,1.2073917908244354
2019-11-27,0.9200607088268151,1.2127738655078297
2019-11-29,0.9310685762390108,1.2082761523813903
2019-12-02,0.9275904868944584,1.19801220635086
2019-12-03,0.9279875999618294,1.1899773043028439
2019-12-04,0.924536921154448,1.1973200525573746
2019-12-05,0.9257240762025519,1.199472676585738
2019-12-06,0.923070312444825,1.210428905062875
2019-12-09,0.9270501319114223,1.2066230884236777
2019-12-10,0.925225158668637,1.2052776340793898
2019-12-11,0.9288979645578174,1.208699163844769
2019-12-12,0.9196509407233548,1.2191168503554506
2019-12-13,0.9240087071835006,1.2198473427791325
2019-12-16,0.9211991048759989,1.2282278071114054
2019-12-17,0.9195981215056619,1.2284969494415117
2019-12-18,0.9207862386142904,1.2285736267019052
2019-12-19,0.9221534801570191,1.2336092385291924
2019-12-20,0.9240703642140755,1.2390179444087301
2019-12-23,0.9253540539535839,1.2409108177848542
2019-12-24,0.9287671418342148,1.2409495423744152
2019-12-26,0.9286672924668745,1.2475554942023124
2019-12-27,0.929908918338335,1.2472463407514305
2019-12-30,0.9348035461376603,1.2403698314090912
2019-12-31,0.9350762302451552,1.2433831448200598
2020-01-02,0.9362930556220206,1.255011328550612
2020-01-03,0.9321580611082573,1.2455079797741866
2020-01-06,0.9334396920658617,1.2502596541623994
2020-01-07,0.9346834473254743,1.2467444649245931
2020-01-08,0.9398995519446273,1.2533890126889298
2020-01-09,0.941230825170826,1.2618874519335868
2020-01-10,0.9371540421336036,1.2582562175802186
2020-01-13,0.9421453046486362,1.2669096838362417
2020-01-14,0.9413242524846074,1.264977957217435
2020-01-15,0.9471336842498282,1.2678368868826448
2020-01-16,0.9550559289502256,1.278382969208549
2020-01-17,0.9601906038977889,1.2823623389086032
2020-01-21,0.9643667741197162,1.2798507726713506
2020-01-22,0.9649332544381118,1.2800052850702308
2020-01-23,0.9662255409590854,1.2814734744923968
2020-01-24,0.9649419150202432,1.2700773809929689
2020-01-27,0.957383224539165,1.2497187964397574
2020-01-28,0.9603862131837343,1.2628146549799895
2020-01-29,0.962544786295233,1.2617716641242673
2020-01-30,0.9705484548508594,1.2658665643273979
2020-01-31,0.961835964232373,1.242881011686979
2020-02-03,0.970265441296801,1.2521139316020835
2020-02-04,0.9767945741581333,1.2711975637215704
2020-02-05,0.9803605013867127,1.2858775281464092
2020-02-06,0.9850632257874542,1.2902043899275422
2020-02-07,0.9820803365831444,1.2833281378914456
2020-02-10,0.9909326466160743,1.2929084212345072
2020-02-11,0.9882392197874705,1.2951490439979532
2020-02-12,0.9863237063644169,1.3034932281499727
2020-02-13,0.9871077891019041,1.302102745213172
2020-02-14,0.988492040005788,1.3041887269246162
2020-02-18,0.9854000042677399,1.300827406820083
2020-02-19,0.9893373842011677,1.307047656589826
2020-02-20,0.9872150654049692,1.3016779326060923
2020-02-21,0.9832659899256515,1.2882729206149781
2020-02-24,0.9732641512642276,1.2455465757106259
2020-02-25,0.9569874643895159,1.2078038667724889
2020-02-26,0.9607554638130189,1.2033612171820367
2020-02-27,0.9480573478375292,1.1493164852636217
2020-02-28,0.9406526986017167,1.1444874903494082
2020-03-02,0.9548772722592147,1.1940511053940528
2020-03-03,0.9471065670437383,1.1598626962426475
2020-03-04,0.9633166749535179,1.2086151533564513
2020-03-05,0.9667234267498687,1.1684392279320344
2020-03-06,0.9796276161068128,1.1491232482751805
2020-03-09,0.9975121911423293,1.0593830002139508
2020-03-10,0.9886394934777216,1.1142003584533278
2020-03-11,0.9837598268750086,1.0598848760407884
2020-03-12,0.9683856051313425,0.9584783629250528
2020-03-13,0.9732233723615917,1.0404150272506616
2020-03-16,0.9647220393765978,0.9265689794938509
2020-03-17,1.002127457750654,0.9765962603882576
2020-03-18,1.0265783404014686,0.9271484974794929
2020-03-19,0.9912399080855473,0.9291186270550572
2020-03-20,0.9872277350035642,0.8890789452862723
2020-03-23,0.9927414713797703,0.8663469036217016
2020-03-24,1.0016110962582105,0.9448406174372073
2020-03-25,0.9954365630434804,0.9589850632439454
2020-03-26,1.0192377475824457,1.014980112157219
2020-03-27,1.0281343687351714,0.9847481081236863
2020-03-30,1.045229771855648,1.016728572404498
2020-03-31,1.0367398978312008,1.0015739422880117
2020-04-01,1.028305890007894,0.9564981984060144
2020-04-02,1.005626075684842,0.9785697349449802
2020-04-03,0.9851040271537626,0.9644254821179243
2020-04-06,0.9970554999852802,1.029201814163397
2020-04-07,0.9890545923893758,1.0302514949814352
2020-04-08,0.9848751562596557,1.0648349978688614
2020-04-09,0.994749020106999,1.0810393731299468
2020-04-13,1.0013092079229324,1.0711692986307837
2020-04-14,1.023948647260552,1.1027609088519654
2020-04-15,1.0403714824273407,1.0793295731456682
2020-04-16,1.0472380560791605,1.0845362936245047
2020-04-17,1.0366509238322565,1.1138357555070937
2020-04-20,1.0444134936092402,1.0942119089305726
2020-04-21,1.0701840175278416,1.0609883981901598
2020-04-22,1.0821535252858558,1.0845362936245049
2020-04-23,1.0766949178812473,1.0844588444453827
2020-04-24,1.0874468970734439,1.0995746856457471
2020-04-27,1.0997051977192107,1.115428867110203
2020-04-28,1.0916708692002508,1.1102994671573674
2020-04-29,1.090609234570423,1.1393651663182531
2020-04-30,1.0817514868572624,1.128756944534681
2020-05-01,1.085266144927313,1.09887532727746
2020-05-04,1.0726791705594538,1.101905880206705
2020-05-05,1.058920111389528,1.1120871022801326
2020-05-06,1.0732892039384467,1.1045482866684881
2020-05-07,1.079032496600375,1.1178767500523303
2020-05-08,1.0686677029726233,1.1363735952848122
2020-05-11,1.0740603227901326,1.1366063287815438
2020-05-12,1.091979495221842,1.113952057928899
2020-05-13,1.1080574490773643,1.094250890826377
2020-05-14,1.103057505363262,1.1073462347541234
2020-05-15,1.1028688142058372,1.1124367814642766
2020-05-18,1.0642138596764752,1.1463211832896585
2020-05-19,1.0709015960466552,1.134547235572486
2020-05-20,1.0670802061037554,1.1538211456586205
2020-05-21,1.0629376227811091,1.1458548157243456
2020-05-22,1.06797364707007,1.1480307259676943
2020-05-26,1.0488559834747269,1.1621751074478717
2020-05-27,1.047845695865849,1.1794676308103138
2020-05-28,1.0542946987772495,1.1772913346076008
2020-05-29,1.0574842171484238,1.1825372942884844
2020-06-01,1.0539793058927327,1.187316629097812
2020-06-02,1.0472315351312398,1.1971477860277318
2020-06-03,1.0322652337148603,1.213079673977553
2020-06-04,1.0208622747026874,1.2098933221182129
2020-06-05,1.0053849545528775,1.2409023266788375
2020-06-08,1.004400659844755,1.2559017368042757
2020-06-09,1.0186643975031908,1.246536947439669
2020-06-10,1.0360892408530475,1.2395810591213854
2020-06-11,1.045420999809822,1.168120682803286
2020-06-12,1.046256800224031,1.182109651312733
2020-06-15,1.0513971744193829,1.1931453874189355
2020-06-16,1.0545788280901756,1.2161108701724057
2020-06-17,1.0604903049088175,1.2110594340111782
2020-06-18,1.06068525544146,1.2115256729233699
2020-06-19,1.0614827322116145,1.2046015619260881
2020-06-22,1.0696963203337193,1.2123294976262873
2020-06-23,1.0765704691051348,1.2179107273417105
2020-06-24,1.0837324712056466,1.1868433142639405
2020-06-25,1.0904318984116395,1.1995669793237724
2020-06-26,1.092592596278818,1.1710755876971095
2020-06-29,1.0796950788265118,1.1882874455523924
2020-06-30,1.0816975893756042,1.2035089109654802
2020-07-01,1.0932281965189834,1.2119391640557604
2020-07-02,1.0923373680997872,1.2186133020380345
2020-07-06,1.0919025561490001,1.2374253474181074
2020-07-07,1.0986232170547487,1.2246625718093498
2020-07-08,1.1054484345686595,1.2340299342363856
2020-07-09,1.1241918598295393,1.2270043159262676
2020-07-10,1.1119695617971739,1.2395330715070791
2020-07-13,1.1098276264293725,1.2288001848488066
2020-07-14,1.1065948509234051,1.2447237103457325
2020-07-15,1.1007986537093413,1.2561596863128148
2020-07-16,1.0999242405260892,1.2520224592327223
2020-07-17,1.1065479985270532,1.2556524070548758
2020-07-20,1.1269280479316444,1.2657996647042367
2020-07-21,1.1117047165652627,1.2684926318427556
2020-07-22,1.116113004988767,1.2757132882850155
2020-07-23,1.103675587230213,1.2604915655656848
2020-07-24,1.0987424068971032,1.2523734249480802
2020-07-27,1.114628711828145,1.2615065100409273
2020-07-28,1.1093696836670421,1.2535053151107352
2020-07-29,1.1069094710696359,1.268922075962208
2020-07-30,1.1213380458725506,1.264394386658467
2020-07-31,1.1295474623552455,1.2743859740308545
2020-08-03,1.1176810959691441,1.2832460571999513
2020-08-04,1.11690082929958,1.2882024187044159
2020-08-05,1.1129024724547212,1.296203613634608
2020-08-06,1.1222364527919584,1.3048678867528343
2020-08-07,1.1049665409695497,1.3058047387833471
2020-08-10,1.102481655021887,1.3097078171823722
2020-08-11,1.0861077131770605,1.298896580773127
2020-08-12,1.0919701349043527,1.317006051456876
2020-08-13,1.0967787976063204,1.314625325444154
2020-08-14,1.0851158360452595,1.314664564646201
2020-08-17,1.0967082003252235,1.318840259009612
2020-08-18,1.1012573446371827,1.321689539690712
2020-08-19,1.095408470461902,1.3161864024200185
2020-08-20,1.1080700696189538,1.3202846476043069
2020-08-21,1.110146520352098,1.3249681358381429
2020-08-24,1.1020310178642576,1.3383941182880559
2020-08-25,1.1049159669113429,1.343077992481256
2020-08-26,1.1182944379701214,1.356543214133216
2020-08-27,1.1055399181046048,1.3595090545423638
2020-08-28,1.110867454394219,1.3682905306542452
2020-08-31,1.1225708976665676,1.363333911843538
2020-09-01,1.136500134820293,1.3761750372032682
2020-09-02,1.137809900516455,1.3960796048908273
2020-09-03,1.112456857003843,1.3480346112919632
2020-09-04,1.1059588129124622,1.3370283367505762
2020-09-08,1.1073188342702611,1.3004966396447954
2020-09-09,1.1219341402851457,1.3261779897924055
2020-09-10,1.1236014688739182,1.3031506248875104
2020-09-11,1.123765062691775,1.3038144749942733
2020-09-14,1.1327556826171212,1.3209873509537522
2020-09-15,1.136610703417339,1.3276612316297831
2020-09-16,1.126007196721571,1.3223923716932786
2020-09-17,1.125181380708408,1.3107616149002974
2020-09-18,1.1199999949659225,1.2956711183648615
2020-09-21,1.116640196394082,1.2812507759391403
2020-09-22,1.1273258462270237,1.2942999333962804
2020-09-23,1.1017974421389638,1.2642834876677633
2020-09-24,1.1012766680903234,1.267653556184556
2020-09-25,1.110980868298526,1.2881476124746711
2020-09-28,1.1180932510408084,1.3095428838806529
2020-09-29,1.1407783817654882,1.302410998092204
2020-09-30,1.1319692724870174,1.3122860257365434
2020-10-01,1.1485895509309807,1.3207103607832362
2020-10-02,1.1372370872573518,1.3081715702589503
2020-10-05,1.1406119145423208,1.331369271896666
2020-10-06,1.1286173497891707,1.3124425965853672
2020-10-07,1.1412642608129644,1.33528804597651
2020-10-08,1.1340811320966957,1.347121560088921
2020-10-09,1.153671250044545,1.359151784824053
2020-10-12,1.1632976427351531,1.3810172833889918
2020-10-13,1.1646626957695683,1.3720047462709581
2020-10-14,1.1599282381746328,1.3633838292546658
2020-10-15,1.1559040642423546,1.36169885932283
2020-10-16,1.1566277966635048,1.3608759939579358
2020-10-19,1.1567094453490017,1.3401859989638287
2020-10-20,1.1543897235307234,1.3455546937225906
2020-10-21,1.157880085129557,1.3430077478769349
2020-10-22,1.1502334790266873,1.350374296958937
2020-10-23,1.1541931560053553,1.3549588509423656
2020-10-26,1.150571659898615,1.3299193512177476
2020-10-27,1.155146274941911,1.3253344112749545
2020-10-28,1.1434466383075912,1.2800362904725038
2020-10-29,1.1486871720399134,1.2930456941151112
2020-10-30,1.136524270794357,1.2795660633135468
2020-11-02,1.1297419839460434,1.2939077986820526
2020-11-03,1.1479298986783422,1.3167529907669524
2020-11-04,1.1542782558345552,1.3461816203834926
2020-11-05,1.1840276476195997,1.3724358628809894
2020-11-06,1.1926962300728645,1.3721223352239775
2020-11-09,1.1800961349570864,1.3893637832971975
2020-11-10,1.1693978352112022,1.3873260465063029
2020-11-11,1.1734498493590348,1.3976320621075524
2020-11-12,1.1696338505782036,1.3840739529018942
2020-11-13,1.1809397363926886,1.4032358061192323
2020-11-16,1.1960128971967394,1.42075179995366
2020-11-17,1.1934282364254767,1.4131104478042074
2020-11-18,1.1870959595313737,1.3961036630245405
2020-11-19,1.194702077557338,1.4019815668380635
2020-11-20,1.191167818849227,1.3923810849549318
2020-11-23,1.1921667807349787,1.4007278421693807
2020-11-24,1.190363878155669,1.4232987457993158
2020-11-25,1.188586958800277,1.4211041808533547
2020-11-27,1.1944829608353456,1.425062065482124
2020-11-30,1.188483534799894,1.4187526590992052
2020-12-01,1.2079686792624507,1.4342702839979071
2020-12-02,1.211346688732955,1.4372881002681273
2020-12-03,1.2256197297487048,1.4368959655539
2020-12-04,1.2275449219268022,1.4492786998418483
2020-12-07,1.239460966371163,1.4463006373861613
2020-12-08,1.2382688662548182,1.4505324245105313
2020-12-09,1.2306091820865248,1.437523020867924
2020-12-10,1.229514997363481,1.437052536402724
2020-12-11,1.2246908281258206,1.4353676951240097
2020-12-14,1.2251519524455399,1.4289414717068003
2020-12-15,1.2362225568450107,1.448259895772962
2020-12-16,1.2429705706525773,1.4505324245105313
2020-12-17,1.2558727611807687,1.4586442611251842
2020-12-18,1.2563570359837972,1.452819877010191
2020-12-21,1.256106130641837,1.4476248639654077
2020-12-22,1.2498292825433022,1.4451856007824189
2020-12-23,1.2621139280204705,1.44648396808425
2020-12-24,1.2649089349270761,1.4521112556171578
2020-12-28,1.2772418566382924,1.464585976886954
2020-12-29,1.2711116748896871,1.4617921457012057
2020-12-30,1.279316461541968,1.4638777414532858
2020-12-31,1.27253111671294,1.4713151784052154
2021-01-04,1.267212756720161,1.4512849166179842
2021-01-05,1.2703605426868632,1.46128074954338
2021-01-06,1.2722018566747502,1.4700166824502625
2021-01-07,1.2949112372246605,1.4918578655752441
2021-01-08,1.2942776977359358,1.5003578486573586
2021-01-11,1.2772280921849088,1.4902442981258217
2021-01-12,1.2835197994395895,1.4905589836609265
2021-01-13,1.2832322973695176,1.4945728323975336
2021-01-14,1.2901191855998664,1.4893389661100676
2021-01-15,1.2765532864971878,1.4784780695959368
2021-01-19,1.296218076968355,1.4900868267051475
2021-01-20,1.3090152741534418,1.5107076063199059
2021-01-21,1.3152366674344163,1.5120848379851957
2021-01-22,1.315909937248044,1.5067329967853458
2021-01-25,1.3106989097929629,1.5126752271596016
2021-01-26,1.3069287958912568,1.5103140564213424
2021-01-27,1.287374862502086,1.4734012887697803
2021-01-28,1.2998793958653818,1.4860728493154187
2021-01-29,1.297155860297331,1.4563222009358496
2021-02-01,1.3123096025107368,1.4805634080417733
2021-02-02,1.3148929687600341,1.5014990018447583
2021-02-03,1.3233221565871258,1.5026795228873273
2021-02-04,1.3199358147343707,1.519758739374379
2021-02-05,1.3334908455650303,1.5257403376038035
2021-02-08,1.344849891187095,1.5367590914979727
2021-02-09,1.3512614035438621,1.535735527263592
2021-02-10,1.3388669425765676,1.5350665310319704
2021-02-11,1.3474868032116363,1.5375459339888566
2021-02-12,1.3522050057704864,1.5451410996677033
2021-02-16,1.3484758031794104,1.5438028498982175
2021-02-17,1.3416726289158876,1.5441571605947337
2021-02-18,1.3353047190702647,1.5375855591502678
2021-02-19,1.3456685010847977,1.5348699490623707
2021-02-22,1.3411243885797943,1.5230638380648318
2021-02-23,1.33638314210154,1.5249136126452651
2021-02-24,1.3474627519901579,1.5417172541461377
2021-02-25,1.3277595181839237,1.5045682793635646
2021-02-26,1.3149078690253755,1.4968156422640442
2021-03-01,1.3406067568580706,1.5330990388453964
2021-03-02,1.3233052067809332,1.5211357137334265
2021-03-03,1.307388893771416,1.50098734838069
2021-03-04,1.2890993430866273,1.4824131826222071
2021-03-05,1.3030590363672951,1.509684170738647
2021-03-08,1.288925817055676,1.5021679980763805
2021-03-09,1.3164473477761904,1.523615116690313
2021-03-10,1.3167711359262173,1.5330990388453967
2021-03-11,1.3420838361082388,1.5486431662871203
2021-03-12,1.3440932747210512,1.550729019345443
2021-03-15,1.3538446611947477,1.5599768630226376
2021-03-16,1.3477013049354019,1.5580091135298204
2021-03-17,1.3535389377095899,1.5633218441807448
2021-03-18,1.332949680231266,1.540576100958738
2021-03-19,1.3343281973495764,1.5377255337464233
2021-03-22,1.3378625223871756,1.550004316312227
2021-03-23,1.324768007969912,1.537804526763003
2021-03-24,1.3051144256499012,1.5299871771433853
2021-03-25,1.3088859566294186,1.5385941996225594
2021-03-26,1.3236282748820989,1.5633886151507854
2021-03-29,1.3162573670467277,1.5625989422912292
2021-03-30,1.322572495715189,1.5584533527582414
2021-03-31,1.3358016426360562,1.5647702210222052
2021-04-01,1.3412265331351152,1.5816684225673547
2021-04-05,1.3456919605521251,1.6043701664218204
2021-04-06,1.347252455497526,1.6034225075291042
2021-04-07,1.3416052040492428,1.6052783288062462
2021-04-08,1.3401589449059599,1.6128985818437784
2021-04-09,1.3431527083422952,1.62462415598728
2021-04-12,1.343502689428126,1.6252167322647508
2021-04-13,1.341684506444143,1.6300333764793036
2021-04-14,1.3515729131249128,1.624466427260363
2021-04-15,1.3465783705867163,1.6419173226153294
2021-04-16,1.3447427603375468,1.6474054074708115
2021-04-19,1.336013717620243,1.6393113249869211
2021-04-20,1.3216658660365526,1.627309017979147
2021-04-21,1.3268769080919274,1.6427069954748856
2021-04-22,1.3214025176741047,1.6277037257558036
2021-04-23,1.336768991635006,1.6453521036522196
2021-04-26,1.3395384082623902,1.6487868846891096
2021-04-27,1.3421909461792871,1.648431673420743
2021-04-28,1.346662730460977,1.6479579726275064
2021-04-29,1.3544819973511466,1.6584601842389912
2021-04-30,1.3421875598899178,1.6475631361977285
2021-05-03,1.3379830851160737,1.65111653541261
2021-05-04,1.3335297283718015,1.6409304245205667
2021-05-05,1.3353296132639034,1.6414433645158502
2021-05-06,1.3340144588054843,1.6545517024088647
2021-05-07,1.3427543940831879,1.666593248618686
2021-05-10,1.3324273449802273,1.650089754850193
2021-05-11,1.3273713490897836,1.6353633466485051
2021-05-12,1.3130151789798241,1.6006194133186111
2021-05-13,1.3117663657245309,1.6198467509747752
2021-05-14,1.3330084304904233,1.6447202881727025
2021-05-17,1.331087131478047,1.640535330784546
2021-05-18,1.32770619113834,1.6264011129009646
2021-05-19,1.3163204235046893,1.622137033843107
2021-05-20,1.3204699377734517,1.6395876718918303
2021-05-21,1.3268132574634743,1.638245691181822
2021-05-24,1.3392496731775654,1.654946152879279
2021-05-25,1.3298056851907512,1.6512743927926492
2021-05-26,1.3371526135220135,1.6545517024088656
2021-05-27,1.3458981622919586,1.6554199823256373
2021-05-28,1.3451887488843763,1.6583809339161695
2021-06-01,1.3508267513693466,1.6569202063750483
2021-06-02,1.3564539332448746,1.6595260753503354
2021-06-03,1.3585133407321734,1.653366807160167
2021-06-04,1.358012062799755,1.6684884377509974
2021-06-07,1.3586255536535967,1.666869595523595
2021-06-08,1.3599553389602266,1.6672248067919617
2021-06-09,1.3516945415761863,1.6647372986884232
2021-06-10,1.3485083855498519,1.6724757839445825
2021-06-11,1.3484492525613783,1.6752397676061508
2021-06-14,1.345298971810727,1.678990649362482
2021-06-15,1.3551690235250573,1.6759108222877157
2021-06-16,1.349650595455377,1.6665536234572755
2021-06-17,1.3333657780654566,1.6660013156068236
2021-06-18,1.3140545000680628,1.6435257439398947
2021-06-21,1.3399965772028775,1.6670544700591416
2021-06-22,1.340343150078811,1.6759670437017966
2021-06-23,1.3401695159507292,1.6739469323885428
2021-06-24,1.344853298497634,1.683849491800876
2021-06-25,1.348580570812404,1.6898310900303002
2021-06-28,1.3349830134162106,1.6932373100742248
2021-06-29,1.3321819911797228,1.6941484314804447
2021-06-30,1.3318450233377785,1.695573908066284
2021-07-01,1.3438066339099202,1.704961983645876
2021-07-02,1.3440296489617605,1.7179939015847399
2021-07-06,1.3316957460221042,1.7148646717113305
2021-07-07,1.3305053865331251,1.7209250056510919
2021-07-08,1.3215446443361267,1.7069028446363068
2021-07-09,1.3404471575558836,1.7251238575763663
2021-07-12,1.3426795137252079,1.7313033243066047
2021-07-13,1.3417877214146023,1.7254013623593676
2021-07-14,1.3353467356258881,1.7279762259323814
2021-07-15,1.332045501049764,1.72207387802578
2021-07-16,1.321088015535006,1.7085665868031008
2021-07-19,1.285996316189522,1.6833346220087702
2021-07-20,1.299752849806954,1.7074573395898238
2021-07-21,1.3161956428866732,1.721281503450673
2021-07-22,1.3098760111153045,1.7248862352610193
2021-07-23,1.3133557463021623,1.7426318749172633
2021-07-26,1.3181085101905945,1.7469095912059962
2021-07-27,1.3206090776640065,1.7389480214372155
2021-07-28,1.3197960684682821,1.7382351544911743
2021-07-29,1.325520081654997,1.745444360805624
2021-07-30,1.325086702658824,1.7369676639384948
2021-08-02,1.315428269172259,1.7333231783136156
2021-08-03,1.323151880040979,1.7474248469574662
2021-08-04,1.3159836487669858,1.7388291459529814
2021-08-05,1.3276922803471272,1.74984082392547
2021-08-06,1.338286258408401,1.7527324314835322
2021-08-09,1.3366032088220257,1.7513061829789638
2021-08-10,1.345899849839525,1.7534849235909846
2021-08-11,1.347279900044752,1.757842018855662
2021-08-12,1.3450403147231271,1.7631102355265595
2021-08-13,1.3334080306518508,1.7663192303352775
2021-08-16,1.3320224927670177,1.7704783284460193
2021-08-17,1.32321781381019,1.758871887092995
2021-08-18,1.3097930096746186,1.7396213918749672
2021-08-19,1.3061420854132892,1.7423148736259721
2021-08-20,1.3073716256837489,1.7561785339951115
2021-08-23,1.3227905975468945,1.7716268148613432
2021-08-24,1.328040072700388,1.7744387861372182
2021-08-25,1.3353173882592493,1.7781623934317987
2021-08-26,1.3406638179075154,1.7676658425576586
2021-08-27,1.3521036705464609,1.7834703639172287
2021-08-30,1.350639047952371,1.7913131868548968
2021-08-31,1.3527437465497265,1.7886593302653033
2021-09-01,1.3590073197316,1.789610205486056
2021-09-02,1.3702057694153138,1.7951160444723002
2021-09-03,1.361934991984101,1.7946801676967747
2021-09-07,1.3550007620033282,1.7882630786511893
2021-09-08,1.3744652572939136,1.7860847239985327
2021-09-09,1.369057116584461,1.7784398982148004
2021-09-10,1.3692234572554767,1.7644172225875296
2021-09-13,1.3866424159823039,1.7689330758040958
2021-09-14,1.3839774475657185,1.7593871428444654
2021-09-15,1.402631598152349,1.7740826742970015
2021-09-16,1.40417128433839,1.7712703170617623
2021-09-17,1.3901352311902422,1.7540161323295171
2021-09-20,1.3791274155681632,1.7247695468798505
2021-09-21,1.371983553717749,1.7231402837496093
2021-09-22,1.3823992330543184,1.7399489427222188
2021-09-23,1.4034610443929942,1.761089352294577
2021-09-24,1.413167885774823,1.763990608836749
2021-09-27,1.4343569292884464,1.7589439328410155
2021-09-28,1.4316625908906626,1.7234976821210404
2021-09-29,1.4344848262141336,1.7263989386632126
2021-09-30,1.4261047735442836,1.705298282905387
2021-10-01,1.4312165953447245,1.7255642372111433
2021-10-04,1.4288991090211474,1.70331123544435
2021-10-05,1.441437258168468,1.7210341034980947
2021-10-06,1.435690683520751,1.7281867024390996
2021-10-07,1.4386737840129422,1.7431283473129995
2021-10-08,1.4253904717014871,1.7399489427222188
2021-10-11,1.4196345545236466,1.7273523869463947
2021-10-12,1.4243659365773473,1.7231004012819546
2021-10-13,1.4296538783625072,1.7292998092460203
2021-10-14,1.4357737489366416,1.758387250784434
2021-10-15,1.4327617385990936,1.771779011504037
2021-10-18,1.4268888712144494,1.7770241992661917
2021-10-19,1.4282588962722058,1.790733990502058
2021-10-20,1.4307656528851762,1.7977674566525854
2021-10-21,1.4377799355477832,1.8024560910112797
2021-10-22,1.4375214164050183,1.8005886909532056
2021-10-25,1.4534257357343672,1.8102450082910535
2021-10-26,1.4543210084906113,1.8118740141150516
2021-10-27,1.45899624671521,1.8038470885605664
2021-10-28,1.4599592198164193,1.8212525693636554
2021-10-29,1.4550419663774394,1.8249478729715136
2021-11-01,1.445073877223882,1.8280872664415186
2021-11-02,1.46150974889717,1.8354780023103563
2021-11-03,1.461210633652811,1.8466844611087438
2021-11-04,1.4529653360540713,1.8553869442040456
2021-11-05,1.4583526591680105,1.8618243604428226
2021-11-08,1.4500536310117864,1.8634139984116525
2021-11-09,1.4463194965065724,1.8572543442621197
2021-11-10,1.438351126059551,1.842313342653827
2021-11-11,1.439668412000285,1.8429092639124556
2021-11-12,1.4284268669704991,1.856817438261622
2021-11-15,1.4417461945202186,1.8574534992941483
2021-11-16,1.4433454187819375,1.864804481348453
2021-11-17,1.435714013531197,1.8602743476354042
2021-11-18,1.4433248019883458,1.8665928883899472
2021-11-19,1.4351681500985634,1.863255111806642
2021-11-22,1.439257130873262,1.8580094094320012
2021-11-23,1.4654042160986365,1.8604735026674328
2021-11-24,1.4689697448717944,1.8654402850747358
2021-11-26,1.4537954185831534,1.8238350234708354
2021-11-29,1.4499473745557743,1.8462074153343488
2021-11-30,1.4269125137418541,1.8102851480649509
2021-12-01,1.4191213917877754,1.7901774370985974
2021-12-02,1.430274157475796,1.8175965049578444
2021-12-03,1.4194834877061215,1.8017809194298282
2021-12-06,1.423358603762035,1.823119840768608
2021-12-07,1.4429605667344227,1.8608309010388646
2021-12-08,1.4504212927183082,1.865758186937878
2021-12-09,1.4429770160696513,1.8531616311620542
2021-12-10,1.4546895210787125,1.870606093860947
2021-12-13,1.4427386023376632,1.8540357004692918
2021-12-14,1.438032170081967,1.8412798721290933
2021-12-15,1.448827143317307,1.8700500550699724
2021-12-16,1.4360194061475935,1.85355891200114
2021-12-17,1.4245450950563543,1.8338318856212035
2021-12-20,1.4240313411126098,1.8143318033475322
2021-12-21,1.4403761857886261,1.84655246300612
2021-12-22,1.4472053067546167,1.865015858427021
2021-12-23,1.4434648749140189,1.8766202413301016
2021-12-27,1.4674504763927032,1.9031781051942576
2021-12-28,1.467024902462041,1.9016228176088592
2021-12-29,1.4676590316236504,1.904055390829532
2021-12-30,1.4513278898641953,1.8987915483647644
2021-12-31,1.4543600620767276,1.8940064241649708
2022-01-03,1.469756114207888,1.9049723016262177
2022-01-04,1.4656363173734992,1.9043343107968695
2022-01-05,1.4690444712411814,1.8677671054295641
2022-01-06,1.4740038064781265,1.8660127914652584
2022-01-07,1.4678824223605742,1.8586354355210533
2022-01-10,1.4743114304543135,1.856322381050222
2022-01-11,1.4743030239458346,1.8732303602326033
2022-01-12,1.4937537180691958,1.8782946617059773
2022-01-13,1.4782846702997632,1.8524142851794596
2022-01-14,1.4777613501420641,1.853172180718014
2022-01-18,1.4688699140751555,1.8203532840446106
2022-01-19,1.4466782702175445,1.8014516960919975
2022-01-20,1.4282664099467428,1.7815129066741284
2022-01-21,1.4302266968402715,1.7465404854005113
2022-01-24,1.435201970807448,1.753957981118614
2022-01-25,1.4313044637447225,1.7325435403975336
2022-01-26,1.4403881961064828,1.7281971233419378
2022-01-27,1.4619813180679726,1.7196631758357563
2022-01-28,1.4885448264326036,1.7623718952624678
2022-01-31,1.4903461810572451,1.794113965309204
2022-02-01,1.4873617892875406,1.8062366916386698
2022-02-02,1.4886106381690951,1.8237827903035206
2022-02-03,1.5025564800203932,1.7809146696593132
2022-02-04,1.5048899284030395,1.7892889586417557
2022-02-07,1.5081096927965356,1.7835466552182575
2022-02-08,1.5079137218110965,1.7982213448651163
2022-02-09,1.515001813544304,1.82454029988271
2022-02-10,1.5054875603563087,1.791761285676961
2022-02-11,1.4992644952944574,1.756429793541333
2022-02-14,1.490063481848245,1.7506878760771993
2022-02-15,1.4796913969660535,1.7789206749297164
2022-02-16,1.4768411652945228,1.7809146696593128
2022-02-17,1.4813464443185536,1.7428718129887961
2022-02-18,1.4886216542816733,1.7315868757863144
2022-02-22,1.484479287903488,1.7130040902686932
2022-02-23,1.469899027525281,1.6826177668159623
2022-02-24,1.4731546810450653,1.707939274182833
2022-02-25,1.48586089725535,1.7456235746038247
2022-02-28,1.4801354322482962,1.7411571241859016
2022-03-01,1.4708857211682387,1.7146388854831573
2022-03-02,1.493954921930063,1.746181929150986
2022-03-03,1.5064090966663448,1.7374881944679441
2022-03-04,1.5400143637520325,1.7233721166744893
2022-03-07,1.5545872339444675,1.6725686714982801
2022-03-08,1.5407219044833043,1.6598875906216533
2022-03-09,1.5048206676817604,1.7043903778272034
2022-03-10,1.5168467347125056,1.6966940907948849
2022-03-11,1.5395069281710687,1.6751205061625516
2022-03-14,1.5448483646591784,1.6628783897363655
2022-03-15,1.524965695994973,1.6994458524099139
2022-03-16,1.4940529105901463,1.7371295095652983
2022-03-17,1.5097096528969038,1.758862881374492
2022-03-18,1.5005324107835858,1.7781268851702738
2022-03-21,1.5261713384268334,1.777607255212674
2022-03-22,1.5218432167805533,1.7984075059318774
2022-03-23,1.5336976178286383,1.7752467277400223
2022-03-24,1.5328696336921808,1.8020078635360937
2022-03-25,1.5521599818013387,1.8108079943505875
2022-03-28,1.5311452745883198,1.8236884875654862
2022-03-29,1.5113001553581378,1.8462487129863394
2022-03-30,1.5325290065939108,1.8348482452807817
2022-03-31,1.533288619018871,1.8066077272409766
2022-04-01,1.5302674839882302,1.8117279928221883
2022-04-04,1.521204077944634,1.8272483194364408
2022-04-05,1.5325085883051197,1.8041675634861374
2022-04-06,1.5508390228595885,1.786127308181737
2022-04-07,1.5610448018740606,1.795127751906353
2022-04-08,1.5792352461152277,1.790327575291348
2022-04-11,1.5812731717961237,1.7597266584320124
2022-04-12,1.5973502569410083,1.7532063895830114
2022-04-13,1.5989885448858403,1.7732868260876145
2022-04-14,1.6136075389016828,1.751206476809828
2022-04-18,1.624665397808378,1.7519264196775497
2022-04-19,1.6011832714067478,1.7802072061443737
2022-04-20,1.6193856270708107,1.778887225118136
2022-04-21,1.6288451270834785,1.7522862624582893
2022-04-22,1.6230893329775824,1.7042053746385364
2022-04-25,1.600609083656046,1.714085419754613
2022-04-26,1.6254609022208935,1.6644440982246032
2022-04-27,1.627702437588893,1.6691241128241594
2022-04-28,1.6331126113101506,1.7112854132190343
2022-04-29,1.6332594988010434,1.6480437842595252
2022-05-02,1.6156203932971733,1.657963969149499
2022-05-03,1.6167175184966567,1.6655640236469613
2022-05-04,1.6333333045470837,1.7162856454379183
2022-05-05,1.651040132132041,1.655283738670005
2022-05-06,1.6716614537254257,1.645403307594564
2022-05-09,1.6531838710027253,1.5927221701105636
2022-05-10,1.6392039928218374,1.596402292650089
2022-05-11,1.671387328511963,1.5710415460811713
2022-05-12,1.6549053882266342,1.5694014760887272
2022-05-13,1.648759263960161,1.6069226443517004
2022-05-16,1.672735081349522,1.6004023755026995
2022-05-17,1.6635900450800805,1.6333232941014253
2022-05-18,1.65863039943867,1.5674815855570954
2022-05-19,1.6542481831289668,1.557880975020842
2022-05-20,1.6551903669080092,1.5585611640740311
2022-05-23,1.6688434633347229,1.5877220665448015
2022-05-24,1.6871394675816698,1.5756017846246435
2022-05-25,1.6796848325225444,1.589522181020349
2022-05-26,1.6774334435850262,1.6212829057696974
2022-05-27,1.6716493606509433,1.6610840646512852
2022-05-31,1.669306032922805,1.6517640465729486
2022-06-01,1.6822974245361617,1.63840341990874
2022-06-02,1.6561943829575174,1.66960424627347
2022-06-03,1.68131620027086,1.642203704463714
2022-06-06,1.69522499580545,1.6472034220701124
2022-06-07,1.6956429370066994,1.6630040838360387
2022-06-08,1.6830509194971242,1.644923431451498
2022-06-09,1.6966054062181848,1.6058025902762207
2022-06-10,1.7150748701051173,1.5592413531272202
2022-06-13,1.731356341902511,1.5000398181410972
2022-06-14,1.6923922893521508,1.4955194620652799
2022-06-15,1.6697975753371195,1.5168403719670547
2022-06-16,1.6837932754506009,1.4666390233993047
2022-06-17,1.6378863753294681,1.4698004165530802
2022-06-21,1.6390383735735325,1.5068006683272392
2022-06-22,1.6215971128003461,1.5040688479460376
2022-06-23,1.5846975717878242,1.5188128816253663
2022-06-24,1.5779892710814698,1.5671015442362863
2022-06-27,1.6007322139675821,1.561115829106975
2022-06-28,1.6330517250619365,1.5292178314770228
2022-06-29,1.620445888524129,1.5279723406081138
2022-06-30,1.6017426246139446,1.515558472264771
2022-07-01,1.6029491879809896,1.5315880079337847
2022-07-05,1.5449921663919002,1.5344805160636972
2022-07-06,1.547440651290941,1.539662663796334
2022-07-07,1.56010996876595,1.5627225779409597
2022-07-08,1.5606203341956693,1.5614370759512748
2022-07-11,1.5882630495938361,1.543599835272547
2022-07-12,1.5675206659125216,1.529940733366538
2022-07-13,1.5754301041776027,1.5219060886247648
2022-07-14,1.5756166935795695,1.518210013098178
2022-07-15,1.5796371500510373,1.547215502598218
2022-07-18,1.5983458407231983,1.534440247636678
2022-07-19,1.585878016770756,1.575899745253958
2022-07-20,1.5789705165808887,1.585943179834296
2022-07-21,1.5608569427428933,1.60209300617188
2022-07-22,1.5802033929987376,1.587228681823981
2022-07-25,1.607060406994726,1.5891573207678726
2022-07-26,1.6247188108533894,1.5703559535968814
2022-07-27,1.603468890560301,1.6111321744860572
2022-07-28,1.5962614457244477,1.6313395916215467
2022-07-29,1.5993686862154601,1.655122664961931
2022-08-01,1.5853643929397812,1.6502213669934538
2022-08-02,1.571696847817892,1.6393340965894225
2022-08-03,1.5524194608880753,1.665005283140437
2022-08-04,1.5403096695317877,1.663880597552584
2022-08-05,1.540428533884588,1.6610678543579804
2022-08-08,1.537213505166815,1.659139858679696
2022-08-09,1.562138633669639,1.652551403676318
2022-08-10,1.5450488276924905,1.6872617585415095
2022-08-11,1.5700337643187143,1.6872617585415095
2022-08-12,1.556637809771224,1.715825324569315
2022-08-15,1.5471259425473147,1.722895714165703
2022-08-16,1.556762597477151,1.7262704141948688
2022-08-17,1.5688026594628932,1.7140172336002366
2022-08-18,1.577639316004846,1.7189990684227512
2022-08-19,1.592750741464726,1.6958987571979849
2022-08-22,1.6100025002896248,1.6605864343774555
2022-08-23,1.6099273662747897,1.6565687260472044
2022-08-24,1.6101501124771682,1.6618719363671404
2022-08-25,1.6042619849760715,1.685333248250739
2022-08-26,1.621148870057023,1.6282865243960445
2022-08-29,1.6354155185663748,1.6175198019668267
2022-08-30,1.6180953344190647,1.5997627121827722
2022-08-31,1.6112474983178071,1.587590197095299
2022-09-01,1.6052487756387308,1.5925719032646921
2022-09-02,1.6013013428733545,1.5757789399729012
2022-09-06,1.5908427058894412,1.5698337505768516
2022-09-07,1.5778250997840022,1.5980355440270955
2022-09-08,1.582149518447017,1.6084807623057709
2022-09-09,1.5862231870110584,1.6334688007818026
2022-09-12,1.5949734358685412,1.6510249343901278
2022-09-13,1.6014579058501541,1.579234048202983
2022-09-14,1.616706116618932,1.5852602890655558
2022-09-15,1.5835563747677395,1.5672623606381175
2022-09-16,1.5804267229754714,1.5553057254884637
2022-09-19,1.5838985984135898,1.5673669556258691
2022-09-20,1.5811181609377658,1.549376231773233
2022-09-21,1.580469848008357,1.5223486553626062
2022-09-22,1.5814185604535205,1.50956143566077
2022-09-23,1.5615978234887447,1.4842692612055934
2022-09-26,1.5564777633007147,1.4695856944933536
2022-09-27,1.5547517448716113,1.465834169471415
2022-09-28,1.5615754689935777,1.494676655466558
2022-09-29,1.564235411652207,1.463454215377422
2022-09-30,1.5554464406846573,1.4408241313116126
2022-10-03,1.5621177276882747,1.4788633856947282
2022-10-04,1.5621251559819058,1.5246884696827023
2022-10-05,1.5716856533066597,1.5211389300614648
2022-10-06,1.5666188031780626,1.505446980183177
2022-10-07,1.5740379430840712,1.463454215377422
2022-10-10,1.583238005112974,1.4522801771656437
2022-10-11,1.5924309191030266,1.4430828941651852
2022-10-12,1.5825005941631642,1.4383229859771987
2022-10-13,1.607266387974876,1.476281832159398
2022-10-14,1.6108607459970326,1.4426394268554927
2022-10-17,1.5904112406878346,1.4797108238058219
2022-10-18,1.5863869197925058,1.4970967493344478
2022-10-19,1.5970711931455184,1.4864877556321467
2022-10-20,1.5895722841635993,1.4740229406527037
2022-10-21,1.581437510458929,1.5098438292623868
2022-10-24,1.6036730419121892,1.5283189321173412
2022-10-25,1.603366376734478,1.5527241719531335
2022-10-26,1.5984261264088948,1.5410257436182613
2022-10-27,1.5933041955444784,1.5327969613161962
2022-10-28,1.6012103973726253,1.569262916676908
2022-10-31,1.6212402237317969,1.5579276761039333
2022-11-01,1.6007595075788619,1.5511104758505896
2022-11-02,1.6342101238908142,1.5121833862762395
2022-11-03,1.6336598682166734,1.4966126276383724
2022-11-04,1.6547215281296463,1.5181536630309749
2022-11-07,1.6643196579125936,1.5326758987288969
2022-11-08,1.6484839753068938,1.5409450781111018
2022-11-09,1.645801319122195,1.5091983765519932
2022-11-10,1.5932891691179514,1.5921349972641938
2022-11-11,1.5766637163954471,1.607544682193986
2022-11-14,1.5917612120101499,1.593869755954037
2022-11-15,1.5868784945418497,1.6074641453399485
2022-11-16,1.5989768787592022,1.595201187108085
2022-11-17,1.604455375056808,1.5903199590265564
2022-11-18,1.5989893208817896,1.597540744121938
2022-11-21,1.614047927070951,1.5917319270346422
2022-11-22,1.6276578332609144,1.6131518998399454
2022-11-23,1.616880715609147,1.6233171689263115
2022-11-25,1.6105086792178467,1.6229541098175355
2022-11-28,1.6163459111630256,1.5970564937727414
2022-11-29,1.6185647302262345,1.594313737876215
2022-11-30,1.592168858087513,1.6445352849840351
2022-12-01,1.591241986269624,1.643325688336015
2022-12-02,1.6037906534172524,1.6414295986318541
2022-12-05,1.616457534577251,1.6119013914992995
2022-12-06,1.6195253028123007,1.5886659944969943
2022-12-07,1.6079911335250159,1.5859633783743652
2022-12-08,1.6000250209125721,1.5983877962736681
2022-12-09,1.5836000020712386,1.5864476287235618
2022-12-12,1.5908183337382924,1.6093195806577265
2022-12-13,1.580436999960269,1.6215018733824311
2022-12-14,1.5931188918960526,1.6111347475484856
2022-12-15,1.575999943388723,1.5717237935843034
2022-12-16,1.5790027461303484,1.5531678965690685
2022-12-19,1.5969706243669866,1.539997419218386
2022-12-20,1.6145411090991142,1.5421047573479936
2022-12-21,1.6251155632748837,1.5651629990020406
2022-12-22,1.6302283346378488,1.5428342205467038
2022-12-23,1.6393198815617072,1.551708970171648
2022-12-27,1.6420075479798488,1.5455898417553768
2022-12-28,1.6481301183018964,1.5263812874549467
2022-12-29,1.6516243285324514,1.553856834034517
2022-12-30,1.658156911265016,1.5497636063219655
2023-01-03,1.671161819296429,1.543239349226199
2023-01-04,1.6653284556395216,1.5551537861520122
2023-01-05,1.686888280680266,1.5374040295958813
2023-01-06,1.700967992401582,1.5726596163898443
2023-01-09,1.6762002847691595,1.5717681789112088
2023-01-10,1.6893877527005807,1.5827910497052649
2023-01-11,1.6681485117733292,1.6028098613646857
2023-01-12,1.6638802940901514,1.6086451809950038
2023-01-13,1.673098665008775,1.6148862725704243
2023-01-17,1.6529152606553452,1.6119277653892001
2023-01-18,1.658773539325028,1.5864788914320784
2023-01-19,1.6598658174339387,1.5749294434118635
2023-01-20,1.6611652608036391,1.6042686591089852
2023-01-23,1.6469489173644238,1.6235178677957984
2023-01-24,1.6608128437854985,1.621775261265546
2023-01-25,1.670519287832607,1.6223831472644714
2023-01-26,1.6753138875362599,1.6402136979808828
2023-01-27,1.6588234430577242,1.643982205214855
2023-01-30,1.673128788271315,1.6233556362096304
2023-01-31,1.6700968923839759,1.6472242638757897
2023-02-01,1.6838913756664566,1.6647304800729863
2023-02-02,1.6682337337861544,1.6889643539509862
2023-02-03,1.6727180249350133,1.671011968728547
2023-02-06,1.663333716528587,1.660799741252846
2023-02-07,1.661879687025041,1.6825208910155
2023-02-08,1.669428707885095,1.6641229800334252
2023-02-09,1.6638619509620556,1.6496963336047523
2023-02-10,1.667536945612351,1.6535461496114907
2023-02-13,1.6805172364650707,1.6729572039251077
2023-02-14,1.6649662791075868,1.672187343646257
2023-02-15,1.661933764673425,1.6776174059439581
2023-02-16,1.6622403281143157,1.6545185099035282
2023-02-17,1.6738681575697294,1.6503851424170797
2023-02-21,1.68279391259671,1.6172769048734998
2023-02-22,1.6684563924216091,1.6150479895441072
2023-02-23,1.6596342345492276,1.6236393163424625
2023-02-24,1.6449455722865547,1.6062949457720699
2023-02-27,1.6393785446856073,1.6117657911092755
2023-02-28,1.628025300256943,1.6058085083198081
2023-03-01,1.6329696632008253,1.5996491114765183
2023-03-02,1.6342024233815367,1.612089739669126
2023-03-03,1.6251418587065922,1.6379443855713507
2023-03-06,1.6446347295346486,1.6390791061026777
2023-03-07,1.6324608580964541,1.613953794746042
2023-03-08,1.6351563903675463,1.6165880960611727
2023-03-09,1.6441580569502394,1.5867621856055463
2023-03-10,1.6537244036265928,1.5638660468845462
2023-03-13,1.6416503910920015,1.5616373888613968
2023-03-14,1.6505234628100671,1.587451380377238
2023-03-15,1.6464555274840302,1.5775229616874904
2023-03-16,1.6443354445552916,1.6052008796271262
2023-03-17,1.665506248311917,1.5864315470833799
2023-03-20,1.6793509759974927,1.601686205001806
2023-03-21,1.6668426895406563,1.6227170021146755
2023-03-22,1.6889957107133342,1.5950555517745872
2023-03-23,1.6994009335111488,1.5993672324873873
2023-03-24,1.6909551735641921,1.6098624968303128
2023-03-27,1.6931521384379904,1.6128725939132447
2023-03-28,1.7064165599233805,1.6092524237283226
2023-03-29,1.7001527220319528,1.6326425904357509
2023-03-30,1.7080084510712403,1.642202031973135
2023-03-31,1.6885318846195618,1.6653484010153858
2023-04-03,1.7009859692975868,1.6716944735379224
2023-04-04,1.6994969732424718,1.6624196127052202
2023-04-05,1.691066259719312,1.6580668916466725
2023-04-06,1.6952457240651932,1.66453505598148
2023-04-10,1.6877441822752053,1.666243312128301
2023-04-11,1.6869615474760309,1.66669089633788
2023-04-12,1.7052940664959677,1.6598976255651288
2023-04-13,1.7204721546537483,1.6819451682969413
2023-04-14,1.712247791811223,1.6778370168222998
2023-04-17,1.6944088184316612,1.6838572109881638
2023-04-18,1.694379127010143,1.6849555226861161
2023-04-19,1.6981804881269034,1.684670941981434
2023-04-20,1.6974267879701608,1.6754772612683768
2023-04-21,1.692779618518401,1.676779359510731
2023-04-24,1.6926741131424121,1.678528270043935
2023-04-25,1.6823414954245643,1.6518836939759114
2023-04-26,1.6835640781091132,1.6448867653118802
2023-04-27,1.6888754363219747,1.6776334875841412
2023-04-28,1.692644143468732,1.6919524513501476
2023-05-01,1.702281784844841,1.6902438092439622
2023-05-02,1.7227094623474208,1.6712466320221002
2023-05-03,1.7351913640685408,1.659775533752858
2023-05-04,1.7357404369952578,1.6480190828602046
2023-05-05,1.7250295474728097,1.6785282700439352
2023-05-08,1.7081013209797224,1.6789758542535145
2023-05-09,1.700575603145192,1.6716130361120347
2023-05-10,1.7038141121605277,1.6794234384630933
2023-05-11,1.6945881168084942,1.6764945214998062
2023-05-12,1.6937685331037624,1.6742977694507801
2023-05-15,1.686716336854365,1.6800740372983451
2023-05-16,1.6868206770523002,1.6688468653474016
2023-05-17,1.6809103321821242,1.689104843159627
2023-05-18,1.6630494401487386,1.705376246696996
2023-05-19,1.6721342624540805,1.7028947852901664
2023-05-22,1.672064422694172,1.7035868104305303
2023-05-23,1.6677303956209204,1.684467412743276
2023-05-24,1.6500261449056481,1.6722638922535296
2023-05-25,1.6694949918401347,1.6867456022181897
2023-05-26,1.6803196881244835,1.7085898730180866
2023-05-30,1.6900560461981484,1.7092408578127027
2023-05-31,1.6922179955703716,1.6997625963949632
2023-06-01,1.7046906488862215,1.7159121654263043
2023-06-02,1.6896213945977716,1.7407262648821145
2023-06-05,1.6848595348393836,1.7373906754018742
2023-06-06,1.680417060466817,1.7411738490916933
2023-06-07,1.657220883849979,1.7351531403133436
2023-06-08,1.6755631110258153,1.7456485333093907
2023-06-09,1.6855057313798025,1.748780593551472
2023-06-12,1.695022322610696,1.764645324571888
2023-06-13,1.6799871916425455,1.7762795549991488
2023-06-14,1.690087859707341,1.7783947409691656
2023-06-15,1.6755078847581644,1.8004425410072211
2023-06-16,1.6694167381926204,1.7943100326663175
2023-06-20,1.6649640158661514,1.7850006927970623
2023-06-21,1.651532610319434,1.7758549996983115
2023-06-22,1.6552329137837978,1.7822652701284594
2023-06-23,1.6436748907740981,1.7687911714111182
2023-06-26,1.6401503452043826,1.7615643396190277
2023-06-27,1.6500433228769267,1.780877102947845
2023-06-28,1.647242057239293,1.781775359041918
2023-06-29,1.6409671693590602,1.7887980183302423
2023-06-30,1.6430814076754454,1.8099069078878418
2023-07-03,1.6472357660736692,1.8119891586587633
2023-07-05,1.6431795132302973,1.8092949049890295
2023-07-06,1.6358640026402502,1.795126722681381
2023-07-07,1.6390137758785523,1.7905944018652673
2023-07-10,1.6426602619976525,1.7951267226813812
2023-07-11,1.6390258967799678,1.806558967707941
2023-07-12,1.655509185126407,1.8210943260242523
2023-07-13,1.6788258327392496,1.8355482469146762
2023-07-14,1.6856432870884441,1.8344049066242107
2023-07-17,1.6969144626502335,1.8407742653617327
2023-07-18,1.6949430261242608,1.8544525365828401
2023-07-19,1.697105966406267,1.8585761264320573
2023-07-20,1.6617832331236233,1.8462454966583028
2023-07-21,1.6557650377297797,1.8462454966583028
2023-07-24,1.6483759730193228,1.854493448275466
2023-07-25,1.6521467896799895,1.8595564632176254
2023-07-26,1.6595655078940723,1.8598419444941574
2023-07-27,1.6494765013088644,1.8475111860672815
2023-07-28,1.6670143231160026,1.8655990430266243
2023-07-31,1.6700152731239462,1.869151155710291
2023-08-01,1.6666668852339224,1.863802402185356
2023-08-02,1.6529935504230366,1.8378755818819894
2023-08-03,1.6423688947232407,1.8326085230891853
2023-08-04,1.6345087891422687,1.8243199170856388
2023-08-07,1.6352844132543034,1.8402435712356864
2023-08-08,1.6248588261061363,1.832240961121158
2023-08-09,1.5968489096125962,1.8199921547326559
2023-08-10,1.6075837740475085,1.8206449406709728
2023-08-11,1.599826064522911,1.8195836810720027
2023-08-14,1.6090852914976617,1.8296277589179482
2023-08-15,1.6069535181520573,1.8083146968565829
2023-08-16,1.5988391327532632,1.7950450279492507
2023-08-17,1.5764732068238063,1.781366885381265
2023-08-18,1.5759868514043156,1.7822243584358335
2023-08-21,1.5859096070948875,1.7938197356204117
2023-08-22,1.5881904027518694,1.788961407794504
2023-08-23,1.605495246720281,1.8088863026752549
2023-08-24,1.5831092998355183,1.7838168267733352
2023-08-25,1.58625227671839,1.7963924120903603
2023-08-28,1.5926710893584315,1.8077841313836585
2023-08-29,1.6118786157113623,1.8339149955376697
2023-08-30,1.6099414306976974,1.841468734911404
2023-08-31,1.613335984741054,1.8387737093229415
2023-09-01,1.6107538475359688,1.842203601541216
2023-09-05,1.6267445383713477,1.8342415171599495
2023-09-06,1.6240806640807723,1.821910887386195
2023-09-07,1.6106088084353116,1.8163173069711112
2023-09-08,1.6102443520602274,1.8190529869459569
2023-09-11,1.6236698663840534,1.831016054751684
2023-09-12,1.6047820488646272,1.8209719769057386
2023-09-13,1.6082632067072042,1.8230951393692862
2023-09-14,1.6111667577499005,1.8388144923624463
2023-09-15,1.6015883623214897,1.8166599102335743
2023-09-18,1.595443496655021,1.817725415385553
2023-09-19,1.592784044514744,1.8139556216203663
2023-09-20,1.5838494921885409,1.7972793467097448
2023-09-21,1.5795684709287448,1.7675733409633243
2023-09-22,1.573260913842321,1.7635988600818857
2023-09-25,1.5808596927440894,1.7710150692687736
2023-09-26,1.5766145354741092,1.7449963906366803
2023-09-27,1.5814638811034318,1.7456931759425385
2023-09-28,1.5880906304723972,1.7558136737426346
2023-09-29,1.5887397904954363,1.751552682359692
2023-10-02,1.6068699986420436,1.7508557684007127
2023-10-03,1.5921521843978284,1.7274187719570708
2023-10-04,1.5928487422557436,1.7399979595614972
2023-10-05,1.5807328086499572,1.7393422146013868
2023-10-06,1.586116497111752,1.7599930990465682
2023-10-09,1.583883806051463,1.7712607967307734
2023-10-10,1.582927590895676,1.7804799507618811
2023-10-11,1.5789530618178307,1.7877731675646478
2023-10-12,1.5853670524213266,1.7768743183796847
2023-10-13,1.5861914844834097,1.7680238841946976
2023-10-16,1.5948260480718228,1.78662609633366
2023-10-17,1.5994406271726016,1.7865441442952863
2023-10-18,1.599076403895184,1.7627382993524026
2023-10-19,1.607778222313397,1.7472501360185164
2023-10-20,1.6060518296628303,1.72577985984272
2023-10-23,1.604467294355924,1.722788803421765
2023-10-24,1.5985550025673316,1.7357774939118165
2023-10-25,1.5895412205651227,1.7108651034712066
2023-10-26,1.565877954564775,1.6903783804090151
2023-10-27,1.5810363938997003,1.6827160578007636
2023-10-30,1.5915266823829155,1.7028345756293204
2023-10-31,1.5768924093705614,1.7135286090449102
2023-11-01,1.5841883820979825,1.7318030130303779
2023-11-02,1.5863882753323566,1.7649920447342382
2023-11-03,1.5755042003044786,1.7810946553762441
2023-11-06,1.5821632184705932,1.7851919999886823
2023-11-07,1.5795275804278472,1.7902726404084823
2023-11-08,1.5709495525868673,1.7915838730224605
2023-11-09,1.5755930425110898,1.7776118867250472
2023-11-10,1.5885964342697136,1.805351172203622
2023-11-13,1.5968893616558213,1.8036303080508975
2023-11-14,1.577699505834717,1.838621898639613
2023-11-15,1.5744571249196337,1.842514427482678
2023-11-16,1.5585435986379477,1.8447679155582706
2023-11-17,1.5683518928878433,1.8470625726327323
2023-11-20,1.5766506009939598,1.8612806723515094
2023-11-21,1.5736536606017657,1.8572239821254541
2023-11-22,1.571846537641933,1.8643945925034642
2023-11-24,1.5663537323491739,1.8655416637344522
2023-11-27,1.5581130288279053,1.862182016120498
2023-11-28,1.5580812439703209,1.8640256153511008
2023-11-29,1.5568530142597854,1.8627145113902444
2023-11-30,1.550284939744109,1.8700488971918798
2023-12-01,1.5422393351246528,1.8811120364129545
2023-12-04,1.5370492420438862,1.8712373947279795
2023-12-05,1.5328183832148972,1.8708684175756158
2023-12-06,1.5094188554745844,1.8633293446577284
2023-12-07,1.5177699895267949,1.877547315723384
2023-12-08,1.5320531683919312,1.885618883911018
2023-12-11,1.530510453595947,1.8929531410595324
2023-12-12,1.5165658724542495,1.9015987594751458
2023-12-13,1.517996014448769,1.9278218679172476
2023-12-14,1.5341725742491081,1.934009311141017
2023-12-15,1.5395594930738448,1.9308250177316206
2023-12-18,1.5480886536218768,1.9416859142457514
2023-12-19,1.5551350346325234,1.953493054468262
2023-12-20,1.538820534754749,1.9264232798337944
2023-12-21,1.555968645144879,1.9446891927132455
2023-12-22,1.5591069060296276,1.9485974172371292
2023-12-26,1.5619276203616808,1.9568255562735868
2023-12-27,1.5567183723992457,1.9603635171138925
2023-12-28,1.5585778950546048,1.961104044481049
2023-12-29,1.555047459571216,1.9554265822307695
2024-01-02,1.5486230782965353,1.9444834763720222
2024-01-03,1.5352307762271693,1.9286033069770303
2024-01-04,1.5256247552311724,1.9223911623539396
2024-01-05,1.5295743202381924,1.9250244344440988
2024-01-08,1.5273739298510898,1.9525057704141349
2024-01-09,1.5121609347818312,1.949543789598631
2024-01-10,1.519565013206782,1.9605691048019946
2024-01-11,1.5170488184103446,1.9597053277444743
2024-01-12,1.5043153838058543,1.96106287548218
2024-01-16,1.5202313358615862,1.9538631894987188
2024-01-17,1.5125556078378437,1.943002292984588
2024-01-18,1.5297219255237888,1.9602811791161545
2024-01-19,1.5518504041093826,1.984718453579192
2024-01-22,1.5689029031169293,1.9889147324420375
2024-01-23,1.5674838426144402,1.9947153157295596
2024-01-24,1.564865741983051,1.9968959861384024
2024-01-25,1.5769381495828172,2.007756882652533
2024-01-26,1.5783789274759854,2.0052060772132334
2024-01-29,1.5930902507357703,2.0210862466082253
2024-01-30,1.588264711745993,2.0195227252230534
2024-01-31,1.5637657637345088,1.9865696433439615
2024-02-01,1.5663557886365946,2.012570181885928
2024-02-02,1.576020905535142,2.0337574211944998
2024-02-05,1.57288011692371,2.0263522761760577
2024-02-06,1.5819807425053876,2.0322350688081965
2024-02-07,1.593643925560275,2.0491847316019327
2024-02-08,1.608787328654347,2.0500898063114437
2024-02-09,1.620671445587792,2.061938244185945
2024-02-12,1.6296548197065839,2.0610330408233124
2024-02-13,1.6204669033746366,2.032646501490644
2024-02-14,1.641969046739954,2.051118130711319
2024-02-15,1.6507097859045627,2.065270488685027
2024-02-16,1.6389539871049914,2.0549854435425767
2024-02-20,1.6296934275240935,2.0436722026533727
2024-02-21,1.6019981633181084,2.0455232637650207
2024-02-22,1.626054452898165,2.087856444730174
2024-02-23,1.634305310356343,2.089296201812496
2024-02-26,1.6387419456964225,2.081644300107083
2024-02-27,1.6362356070071247,2.0855112269789764
2024-02-28,1.6286076480981195,2.0827550911578174
2024-02-29,1.6344701882351946,2.0902427028271187
2024-03-01,1.6441058389249819,2.1098661634442757
2024-03-04,1.6270175171511716,2.1076035409970593
2024-03-05,1.6216388413646263,2.0865399373382156
2024-03-06,1.6219286518510154,2.097112779513385
2024-03-07,1.6389360001797781,2.1179298837915
2024-03-08,1.6296412699265264,2.1052176688594786
2024-03-11,1.632100693493776,2.1034075194404567
2024-03-12,1.6489019531007916,2.1260345158313507
2024-03-13,1.6465183866671718,2.12270149941354
2024-03-14,1.6408974186577523,2.1185057351631804
2024-03-15,1.6368267532842085,2.103958798065937
2024-03-18,1.6404308546594695,2.116462852247427
2024-03-19,1.6454370686320088,2.128224449264939
2024-03-20,1.6516959015678225,2.1479095347272774
2024-03-21,1.6614235848624563,2.1550071987854165
2024-03-22,1.6628599576479464,2.150921947566396
2024-03-25,1.6556583953774793,2.144979202579654
2024-03-26,1.658704856000064,2.1410174583572403
2024-03-27,1.6734720034563677,2.1590101120066985
2024-03-28,1.6696552974426089,2.1585973927930366
2024-04-01,1.6588331701552537,2.1548418795243327
2024-04-02,1.6364927750962002,2.1411412226600905
2024-04-03,1.633095960522419,2.1434933876798468
2024-04-04,1.6241853636152734,2.1173295883267405
2024-04-05,1.6321705760815466,2.1394491768065738
2024-04-08,1.6296563979962326,2.140645779489326
2024-04-09,1.6250069908399338,2.1431222234244185
2024-04-10,1.6163390618170632,2.1216627541108255
2024-04-11,1.6332513864199876,2.1376745356490767
2024-04-12,1.614771051910102,2.1081680708940493
2024-04-15,1.601805875005599,2.0817568715883645
2024-04-16,1.5986430190508947,2.0779601893207915
2024-04-17,1.5860343579606018,2.0656623660930107
2024-04-18,1.5823564691716767,2.061411538306664
2024-04-19,1.5650866792211835,2.0434188846572057
2024-04-22,1.5769712826777682,2.062237105387109
2024-04-23,1.5873962147917002,2.0867089875398204
2024-04-24,1.6006159651119551,2.085718358504535
2024-04-25,1.5953682685034702,2.0777949987128297
2024-04-26,1.610549440285405,2.0974798268689256
2024-04-29,1.6041131954904677,2.10490800079611
2024-04-30,1.59931873273095,2.0715635561215193
2024-05-01,1.5974627137644266,2.064837056318809
2024-05-02,1.5948476099301068,2.0841502056069907
2024-05-03,1.5959902886546162,2.1099841383566593
2024-05-06,1.6020850516563618,2.131773345620569
2024-05-07,1.6003987815823102,2.1341257679465686
2024-05-08,1.6034426660716714,2.134331998900278
2024-05-09,1.5998182880967127,2.1466296934749374
2024-05-10,1.6109199821460773,2.1493947063614773
2024-05-13,1.5985805493593315,2.149683275312925
2024-05-14,1.6058991235964044,2.159546595523211
2024-05-15,1.6105738031904941,2.1862884333510624
2024-05-16,1.6022000511883223,2.181789690999651
2024-05-17,1.5997717444246238,2.1849265114072267
2024-05-20,1.5963430767506261,2.187443738381824
2024-05-21,1.6001456409721786,2.192808573546942
2024-05-22,1.588051251250669,2.1864947929578933
2024-05-23,1.5790637471411135,2.1705240517653897
2024-05-24,1.5930271949582104,2.184885342408358
2024-05-28,1.5874774459618206,2.1864119403476696
2024-05-29,1.5889173352591488,2.1711017042807708
2024-05-30,1.591609864698272,2.1566991159858118
2024-05-31,1.598566188966805,2.1763427751430386
2024-06-03,1.5885362094269768,2.1781171589942927
2024-06-04,1.5907398573446017,2.1805520479711515
2024-06-05,1.5948247134342974,2.2064681900654364
2024-06-06,1.5899434259765741,2.2064270210665673
2024-06-07,1.5812661291051893,2.203745118096494
2024-06-10,1.5815955344903125,2.2105536985906995
2024-06-11,1.5659686571943643,2.2158771074507055
2024-06-12,1.579087595817148,2.2340763780132376
2024-06-13,1.5767541237075169,2.2385746057521625
2024-06-14,1.5700290240273675,2.239936527695998
2024-06-17,1.5834935662950782,2.2577639907374945
2024-06-18,1.575455550681041,2.263500376117405
2024-06-20,1.5810249950104716,2.257351528830075
2024-06-21,1.5806673250395533,2.25432535010696
2024-06-24,1.5743269190912006,2.246997011002033
2024-06-25,1.578495530535108,2.255650219951813
2024-06-26,1.5851158208403542,2.2584648929432385
2024-06-27,1.5899794575200956,2.262025496732922
2024-06-28,1.5979510947863653,2.253124501871199
2024-07-01,1.6028863888827607,2.257761417675064
2024-07-02,1.6103579664595902,2.2729556086264013
2024-07-03,1.614636547463824,2.283098878028997
2024-07-05,1.626985057911265,2.296264466561064
2024-07-08,1.622124320952433,2.2989139489445276
2024-07-09,1.624760231036351,2.3011496828893576
2024-07-10,1.6370252491232182,2.3239202561638073
2024-07-11,1.641613967128927,2.303882017883045
2024-07-12,1.6364647980206928,2.318413902565077
2024-07-15,1.6489050198871036,2.3247896939586723
2024-07-16,1.6541316936744852,2.338576162454932
2024-07-17,1.6516453873134835,2.3057865986932224
2024-07-18,1.642750019668024,2.2880669469675143
2024-07-19,1.6298845943323892,2.272872756016177
2024-07-22,1.628961601541896,2.296305635559932
2024-07-23,1.6284943437219785,2.2927041200776226
2024-07-24,1.6249621765980484,2.2407454985237734
2024-07-25,1.6194255061335634,2.229070227750765
2024-07-26,1.633076033227488,2.254035365971176
2024-07-29,1.6303264265137527,2.255359978509787
2024-07-30,1.628720613992974,2.243933522873693
2024-07-31,1.6479839712680469,2.2804077120341786
2024-08-01,1.6422707083604025,2.24811500662757
2024-08-02,1.621173431200472,2.2062584854774467
2024-08-05,1.6034294890526,2.142004356452003
2024-08-06,1.5981865934989963,2.161752739250103
2024-08-07,1.592793384436524,2.1473035785251735
2024-08-08,1.6080483604401141,2.196943484870847
2024-08-09,1.6082541582050494,2.2066310649172114
2024-08-12,1.6200853848660093,2.20779048684786
2024-08-13,1.623781536463321,2.2440989707878978
2024-08-14,1.6175670211723492,2.251178752062153
2024-08-15,1.6332709611086211,2.2897641389458903
2024-08-16,1.6412126792896524,2.294897913104856
2024-08-19,1.6335892608724023,2.3168407321957956
2024-08-20,1.6328226743352607,2.3130729968805523
2024-08-21,1.6294355537336787,2.3210222159496725
2024-08-22,1.6327921660322582,2.302805448562621
2024-08-23,1.6381121769467901,2.3272734711216887
2024-08-26,1.6468174521012977,2.3217256912178468
2024-08-27,1.6498063651027306,2.3249137155677655
2024-08-28,1.641472004704834,2.311417231207289
2024-08-29,1.6413644793458047,2.3116238481203624
2024-08-30,1.6397444021043952,2.3336909461266377
2024-09-03,1.605695853352948,2.2856657651084795
2024-09-04,1.6105675488040034,2.2809874229995026
2024-09-05,1.5986973939158484,2.2754393857894177
2024-09-06,1.5931600681300933,2.2371437257352214
2024-09-09,1.6096461690603898,2.2621909446471276
2024-09-10,1.6041810501867315,2.272044744526425
2024-09-11,1.6015023197794243,2.2953536024610868
2024-09-12,1.6063720479226695,2.314687593554946
2024-09-13,1.6192454195577746,2.326777127379074
2024-09-16,1.618823450939799,2.330212937640936
2024-09-17,1.6160754186917428,2.3311652280460247
2024-09-18,1.6098942770653966,2.3242514092984603
2024-09-19,1.6147139687939376,2.363913365502622
2024-09-20,1.6167581074641775,2.359827342364873
2024-09-23,1.6103152232841336,2.36572402953413
2024-09-24,1.6219151624484873,2.372493242173167
2024-09-25,1.620453913033114,2.3672606624169155
2024-09-26,1.623959127236726,2.376646164934078
2024-09-27,1.6098727458240008,2.373199033197527
2024-09-30,1.611776568369586,2.3827090719362682
2024-10-01,1.615568141684073,2.361363717941415
2024-10-02,1.616035592528785,2.3623602650202877
2024-10-03,1.6053355819428552,2.3580413797326853
2024-10-04,1.6101634832239042,2.379469586337762
2024-10-07,1.5994731562181013,2.3579582698162183
2024-10-08,1.6007732621896726,2.3802587445848324
2024-10-09,1.6061443997025289,2.3967453847944133
2024-10-10,1.600876211865268,2.392551293034633
2024-10-11,1.6178306034261247,2.406878619253535
2024-10-14,1.6311648264453413,2.426562546837781
2024-10-15,1.6400771783708257,2.4077089464994748
2024-10-16,1.6556005198421349,2.4181741060119775
2024-10-17,1.6568938563010533,2.4183812375375373
2024-10-18,1.6750852450950526,2.427683887444476
2024-10-21,1.6671000564304386,2.4236969272102553
2024-10-22,1.6677692633778745,2.42240962407687
2024-10-23,1.6623855449325287,2.4002753691411898
2024-10-24,1.648195752903829,2.405466265286086
2024-10-25,1.6346643418582967,2.4046356807339038
2024-10-28,1.6594249938954582,2.4120695153984326
2024-10-29,1.658429965833293,2.4159731084099434
2024-10-30,1.6545553164299378,2.4086640672732362
2024-10-31,1.6528577170577863,2.361446827857882
2024-11-01,1.6480869976957508,2.371413327871584
2024-11-04,1.6419893773762384,2.3663055416431544
2024-11-05,1.6499999425752712,2.3949182531633593
2024-11-06,1.6098237408346923,2.454469467333626
2024-11-07,1.6225891425056105,2.473447861199754
2024-11-08,1.6274760435870086,2.484162350461657
2024-11-11,1.6125382951921596,2.4865290532841393
2024-11-12,1.609613796384429,2.4788047198713414
2024-11-13,1.6075651537337046,2.4800091703945033
2024-11-14,1.607939903349212,2.464062358682592
2024-11-15,1.6124725102541069,2.432501174924637
2024-11-18,1.614390298398697,2.4424679322445813
2024-11-19,1.6182728384938994,2.451396201568055
2024-11-20,1.6163493982278136,2.452226786120237
2024-11-21,1.6204798136929077,2.465391345427332
2024-11-22,1.6211923043002574,2.47303231161742
2024-11-25,1.6207644041691665,2.481421009749467
2024-11-26,1.63168593881337,2.4943776656122734
2024-11-27,1.629087777492803,2.4868198093386518
2024-11-29,1.62978470444176,2.502268218858005
2024-12-02,1.6172773769632767,2.5067530666722977
2024-12-03,1.620000348574861,2.5079158335841045
2024-12-04,1.622432937121262,2.523488779325037
2024-12-05,1.6201599219912892,2.5193358565641253
2024-12-06,1.6138685504371502,2.524111717739174
2024-12-09,1.6146049384670849,2.5111133782650126
2024-12-10,1.611902291341833,2.5033061922419906
2024-12-11,1.5951685480185511,2.5226581947728546
2024-12-12,1.5847374458248902,2.5096601126049363
2024-12-13,1.5846446499166433,2.5091619677186214
2024-12-16,1.5862745823576783,2.5198756850617956
2024-12-17,1.5773406092931388,2.509494150078246
2024-12-18,1.5595730322057137,2.4347021725266718
2024-12-19,1.546383594165853,2.433954697890956
2024-12-20,1.5543492991133372,2.4631888039878405
2024-12-23,1.557377735982755,2.477939141670121
2024-12-24,1.5517937905167742,2.505481459219732
2024-12-26,1.561953767604889,2.505648193665152
2024-12-27,1.5521892140819464,2.4792725026209914
2024-12-30,1.5263907457902495,2.450980137373236
2024-12-31,1.5368280966416494,2.442062932218208
2025-01-02,1.5340137325056222,2.4360630652455355
2025-01-03,1.562214879914004,2.466521949058773
2025-01-06,1.5445723401163558,2.480730657099683
2025-01-07,1.5391273712075553,2.4526883935200567
2025-01-08,1.5314442090480016,2.4562716402591183
2025-01-10,1.496759600796653,2.4187707991893364
2025-01-13,1.5014493492849463,2.42252103768006
2025-01-14,1.5047327474513252,2.4258541827509923
2025-01-15,1.5075407856758227,2.4699809168824984
2025-01-16,1.508582778962131,2.4652305290255003
2025-01-17,1.5304041913432274,2.48998133114555
2025-01-21,1.5443183103108338,2.512773260838163
2025-01-22,1.5347053362188496,2.5268986016563635
2025-01-23,1.5437935252273474,2.540690473583725
2025-01-24,1.5416349681061972,2.5332736211312294
2025-01-27,1.5526562939731046,2.497439609903157
2025-01-28,1.5595516565498617,2.5188984359511424
2025-01-29,1.5513233960212531,2.5076065514801016
2025-01-30,1.5621566605554582,2.5210652118228674
2025-01-31,1.558677793332483,2.5076482350914566
2025-02-03,1.539142611617763,2.4907728051488065
2025-02-04,1.5407409095639009,2.5074815006460374
2025-02-05,1.5452683876390287,2.5176481849167396
2025-02-06,1.5478767406554836,2.526398398320105
2025-02-07,1.5460415394159008,2.503272999736653
2025-02-10,1.5441744195681273,2.5202734805133677
2025-02-11,1.5350337122903754,2.522190412023206
2025-02-12,1.5446382094587983,2.514064938177678
2025-02-13,1.552605898264047,2.540607106361015
2025-02-14,1.5576491116786138,2.5404823128331935
2025-02-18,1.5570649582746297,2.547940848897044
2025-02-19,1.5560604242358296,2.553940973175959
2025-02-20,1.543564247472345,2.543315769180353
2025-02-21,1.5342802722348747,2.4998148038316557
2025-02-24,1.5274629694511188,2.4884392948316623
2025-02-25,1.5167992485541306,2.476064151077881
2025-02-26,1.5201678895538988,2.477313630193555
2025-02-27,1.5021884820476106,2.4377713213923564
2025-02-28,1.5114627457658347,2.475814049409751
2025-03-03,1.51048364908248,2.432437877588876
2025-03-04,1.515757742432352,2.4036455663111047
2025-03-05,1.5295298040546967,2.429479370407652
2025-03-06,1.5042924456980056,2.3863533002549056
2025-03-07,1.5067923825532767,2.3997285933749612
2025-03-10,1.4837682823860319,2.3358103776496644
2025-03-11,1.483851731385996,2.3163932766393383
2025-03-12,1.4816591650443136,2.32868505317041
2025-03-13,1.4689775770233748,2.2976428561044475
2025-03-14,1.481588348259872,2.345101963388157
2025-03-17,1.4788520875137647,2.3631862180600987
2025-03-18,1.4731896748899607,2.33764368463055
2025-03-19,1.4873874427542806,2.363102593531146
2025-03-20,1.4784094122089804,2.356269311637619
2025-03-21,1.4819526747770013,2.3570466337975144
2025-03-24,1.4936506817584314,2.399257465644154
2025-03-25,1.494149665595305,2.4050252423857024
2025-03-26,1.4837220338433743,2.3763134679619684
2025-03-27,1.4878587853496419,2.370002260435349
2025-03-28,1.4840006623302917,2.322274782740262
2025-03-31,1.4814041688523234,2.337863681468256
2025-04-01,1.4763918527298576,2.3444669315806026
2025-04-02,1.4821768384417022,2.359303466854265
2025-04-03,1.4817861812499076,2.2430352667796205
2025-04-04,1.4616060068462424,2.1117212128026885
2025-04-07,1.459200536996403,2.107959781490397
2025-04-08,1.4590335570532966,2.0749432736224223
2025-04-09,1.492518052731857,2.2928525857797952
2025-04-10,1.4912156038015945,2.1923819597961614
2025-04-11,1.4933252442595173,2.231500485215252
2025-04-14,1.480640477029216,2.2531489459642784
2025-04-15,1.4822656189948638,2.246837995743902
2025-04-16,1.4746221359564082,2.19689536860342
2025-04-17,1.4716434462707595,2.2000298732548087
2025-04-21,1.4700549155345293,2.1476631639996704
2025-04-22,1.4689925627404572,2.2035408169396065
2025-04-23,1.4743056344816845,2.237685355376592
2025-04-24,1.4751461830338588,2.284786292370141
2025-04-25,1.4785266443152114,2.301294803610371
2025-04-28,1.4916719684116941,2.3021724752050097
2025-04-29,1.4963008043773913,2.3166745123628614
2025-04-30,1.4961081763215913,2.317593867568855
2025-05-01,1.5004473677853465,2.3340187542801325
2025-05-02,1.5039579964564649,2.3686652971970767
2025-05-05,1.502731574546565,2.3550823579389757
2025-05-06,1.5153017785619391,2.335397915742244
2025-05-07,1.5152961216177723,2.3452192950349326
2025-05-08,1.5155426309260362,2.3615602999110146
2025-05-09,1.5299967655496296,2.358551360706176
2025-05-12,1.5117770383266051,2.4364953397336584
2025-05-13,1.5202419465305157,2.452585471022882
2025-05-14,1.5119338019588362,2.4557199756742714
2025-05-15,1.505329587881229,2.4677148208010005
2025-05-16,1.4989545394321782,2.4833454031403495
2025-05-19,1.4909606739291974,2.4860620424532183
2025-05-20,1.5062938514586273,2.4777031918453516
2025-05-21,1.5101686733240893,2.4359519089485877
2025-05-22,1.5042728289904639,2.436913205072179
2025-05-23,1.5134709891052367,2.420279642997884
2025-05-27,1.505627688761107,2.470598451865532
2025-05-28,1.499265028242484,2.4563050900706975
2025-05-29,1.4968584000571237,2.4660011612230783
2025-05-30,1.492247952412639,2.4632430956050975
2025-06-02,1.516297789847035,2.4771185920614114
2025-06-03,1.5115722473266626,2.4912441901858546
2025-06-04,1.5162705835655519,2.490575708566719
2025-06-05,1.5064742489494765,2.4785389225223917
2025-06-06,1.5167626080438603,2.5039911414606717
2025-06-09,1.5119983637861876,2.506247974517422
2025-06-10,1.505882846229222,2.5204579690895472
2025-06-11,1.4988688520162934,2.513269089968289
2025-06-12,1.4986319741511687,2.5232574610126397
2025-06-13,1.4854296875073671,2.4950474337626223
2025-06-16,1.5021667156404193,2.5187859931229797
2025-06-17,1.4962444027528967,2.497262583208018
2025-06-18,1.5079112458883095,2.4968861441746095
2025-06-20,1.5046380027505597,2.4910221348982047
2025-06-23,1.520651616660089,2.5156273016847543
2025-06-24,1.5271585142337314,2.543417919758794
2025-06-25,1.5211857496289367,2.5448431390383903
2025-06-26,1.5210762200070471,2.5647534961164156
2025-06-27,1.528830307049603,2.5774960731851033
2025-06-30,1.5239449209850946,2.5898197556902987
2025-07-01,1.512405796451134,2.5889814519508283
2025-07-02,1.5133923975676622,2.6007179616096545
2025-07-03,1.5135865414910288,2.6212152342278063
2025-07-07,1.5088276219749275,2.6016820881019185
2025-07-08,1.4980269357768552,2.6002571261285645
2025-07-09,1.4912605642903425,2.615849884450202
2025-07-10,1.5024674589709235,2.6232273690475285
2025-07-11,1.5086116807475811,2.6140055133008704
2025-07-14,1.515733235618805,2.6189933948200936
2025-07-15,1.52321269531903,2.607801859783796
2025-07-16,1.5286380721893078,2.616520424519281
2025-07-17,1.528119380064532,2.6325325920168967
2025-07-18,1.5328114237066377,2.630604596338612
2025-07-21,1.5331774194518506,2.635592735164079
2025-07-22,1.5312951318211245,2.635969946116216
2025-07-23,1.5210761316488959,2.658395471718895
2025-07-24,1.5188691535524372,2.6592754590697205
2025-07-25,1.5136881426863615,2.6705091923298587
2025-07-28,1.5029733245550123,2.6698386522607795
2025-07-29,1.5026120583061513,2.6627964376979922
2025-07-30,1.487785480780498,2.6594432227401112
2025-07-31,1.4959144428847888,2.6494672023954213
2025-08-01,1.5055587564427477,2.6060411131634176
2025-08-04,1.526728133803786,2.6456523800377214
2025-08-05,1.525464232759624,2.632239005593712
2025-08-06,1.5292758696502966,2.652401265483567
2025-08-07,1.5392528213781833,2.650179426075855
2025-08-08,1.5449882889330253,2.670844462364398
2025-08-11,1.5376143943159721,2.66556299442199
2025-08-12,1.552932108203736,2.6939407853423987
2025-08-13,1.5569356045340301,2.7031623837828143
2025-08-14,1.5453090567276475,2.7034137719821585
2025-08-15,1.5422178432847053,2.697084553018534
2025-08-18,1.542455502346138,2.696497380172165
2025-08-19,1.5400402505235804,2.6818684910365476
2025-08-20,1.5440471169861563,2.6747426519448076
2025-08-21,1.5372661276289927,2.6640119523896
2025-08-22,1.554085068967471,2.7049228730969506
2025-08-25,1.5462773649400943,2.693018085155247
2025-08-26,1.54908967691639,2.704294016639226
2025-08-27,1.542299167171768,2.7104557292387024
2025-08-28,1.5434677719358258,2.720054538631255
2025-08-29,1.5421629091113893,2.703832923851893
2025-09-02,1.5435792889951327,2.6837967440210746
2025-09-03,1.5483162963893684,2.698341751321496
2025-09-04,1.5428602726615195,2.7208928423707253
2025-09-05,1.5534297946079048,2.7130125813747106
2025-09-08,1.5587101639521272,2.7196773276791175
2025-09-09,1.5576443719616064,2.7259648630313875
2025-09-10,1.5676432412538355,2.7338453813336447
2025-09-11,1.5800727646755028,2.756564236053265
2025-09-12,1.5841203641187152,2.7556417931723565
2025-09-15,1.588618534786663,2.7703126232255713
2025-09-16,1.5843024243909416,2.7664983154803573
2025-09-17,1.5794283776754952,2.7630612186872807
2025-09-18,1.5905236988954716,2.7759715594263596
2025-09-19,1.6063816628756178,2.7897204612111515
2025-09-22,1.6229245870676436,2.8029187276360705
2025-09-23,1.6162351977145548,2.7876609820427296
2025-09-24,1.6091076241773914,2.778791635848887
2025-09-25,1.6092368387377187,2.76597186690732
2025-09-26,1.6157758314511244,2.781818329184488
2025-09-29,1.628753699295514,2.7896363220697133
2025-09-30,1.6282727029270305,2.8001444517247855
2025-10-01,1.6235685816461893,2.809686139131408
2025-10-02,1.6309139137530013,2.8129222797487548
2025-10-03,1.6383177623573622,2.8128805961373997
2025-10-06,1.6558677130876687,2.822968287391522
2025-10-07,1.6373981048481865,2.812502098654048
2025-10-08,1.6671925139835713,2.829273319568311
2025-10-09,1.662209466699185,2.821076829199734
2025-10-10,1.6410570988947002,2.744829270231897
2025-10-13,1.6735740032932473,2.786946185299866
2025-10-14,1.6678357413331495,2.783541509093399
2025-10-15,1.6864282790331977,2.7958991560226614
2025-10-16,1.6926607695273999,2.7768584940457437
2025-10-17,1.6737945146173847,2.792620817181473
2025-10-20,1.6802572788715782,2.821665288577317
2025-10-21,1.6471561700393416,2.821623090353476
2025-10-22,1.6370560007467154,2.8069538041377187
2025-10-23,1.652371552700844,2.8235989449929457
2025-10-24,1.658670698717894,2.8466749407777554
2025-10-27,1.6560272650480494,2.8802590662176364
2025-10-28,1.667310921437976,2.887909038126227
2025-10-29,1.6822183846088092,2.88929617608187
2025-10-30,1.6691162860018716,2.857519369692338
2025-10-31,1.669525068573265,2.866892778816083
2025-11-03,1.66410624546737,2.872273052355777
2025-11-04,1.6359936607387784,2.8382262902911055
2025-11-05,1.656122220814439,2.8480620787333977
2025-11-06,1.6294019021280577,2.817504132016632
2025-11-07,1.6323394762180432,2.8202781506216743
2025-11-10,1.6551102744911252,2.864286781187675
2025-11-11,1.64589392680184,2.8708437161762936
2025-11-12,1.657335770430157,2.872441073332411
2025-11-13,1.6273179767597064,2.8247756064418708
2025-11-14,1.6229929451644056,2.824313484429566
2025-11-17,1.612481207928348,2.798000833414924
2025-11-18,1.602323029759936,2.7745046565354077
2025-11-19,1.604469055705476,2.7852230053909546
2025-11-20,1.580634995729871,2.742769791063474
2025-11-21,1.5913116834591106,2.7700910825504064
2025-11-24,1.6200252499444538,2.8108628005803307
2025-11-25,1.6349629785055668,2.8373015316540093
2025-11-26,1.6421176434491946,2.8568889693971555
2025-11-28,1.651785586276622,2.872483014250008
2025-12-01,1.644284824869658,2.8593688869665277
2025-12-02,1.6548890124428866,2.864665021364783
2025-12-03,1.6560563432451796,2.874584691642271
2025-12-04,1.6554028624278412,2.876686369034534
2025-12-05,1.6536740996865558,2.882150524409423
2025-12-08,1.667965683925202,2.8734919120285416
2025-12-09,1.689066866689505,2.8710117371529265
2025-12-10,1.696551021692308,2.8900529137423296
2025-12-11,1.708970969696265,2.896777869707582
2025-12-12,1.690500568871984,2.8656317209194753
2025-12-15,1.693151069584722,2.861302286075913
2025-12-16,1.6997534131352137,2.853484293190688
2025-12-17,1.6837603761669246,2.8220857269782655
2025-12-18,1.7030591392936547,2.84339608732408
2025-12-19,1.7205941765490345,2.8691671086973516
2025-12-22,1.7375201890823966,2.887041658781304
2025-12-23,1.7327810603595102,2.900236837531308
2025-12-24,1.7400618593237966,2.9104387727572916
2025-12-26,1.7497194610945421,2.9101436424966494
2025-12-29,1.7255604210296533,2.8997729143753026
2025-12-30,1.7296725548410952,2.8962318658600816
2025-12-31,1.7238455280517062,2.8747738117308246
2026-01-02,1.7416180298802721,2.880043443586058
2026-01-05,1.770964619833551,2.8992248520778587
2026-01-06,1.7977020717594472,2.9164672007229293
2026-01-07,1.785309006581059,2.9070662598311907
2026-01-08,1.7724743374950818,2.9067711295705485
2026-01-09,1.7944360201344647,2.9259947362861896
2026-01-12,1.8011281737543616,2.9305897111724573
2026-01-13,1.7923403719437663,2.924730076102182
2026-01-14,1.821859966598787,2.9103543763096096
2026-01-15,1.8184938695990076,2.91827992320438
2026-01-16,1.808273500819409,2.915834741977804
2026-01-20,1.776679972212529,2.8564777940209507
2026-01-21,1.7640140456714544,2.88944464178404
2026-01-22,1.7899224662393487,2.904536682156933
2026-01-23,1.7868221394175523,2.9055906085279797
2026-01-26,1.7914394479315678,2.920345577722633
2026-01-27,1.8045059641482313,2.931980966027987
2026-01-28,1.821765635024629,2.931685835767345
2026-01-29,1.803076950215398,2.925868141614668
2026-01-30,1.6925654491763684,2.9171416003856523
2026-02-02,1.7297790216949454,2.9316436375435044
2026-02-03,1.7328638702892065,2.90685552601823
2026-02-04,1.717086198954301,2.8927749564862997
2026-02-05,1.6820582855687507,2.856646329610071
2026-02-06,1.7138931743340258,2.9114505009044978
2026-02-09,1.746766540728454,2.925488872212587
2026-02-10,1.7339529779378196,2.9177740591307777
2026-02-11,1.739656854790311,2.9170996594680547
2026-02-12,1.7071437067313695,2.8720337575498496
2026-02-13,1.7174652390463578,2.8740572138442615
