Date,MultiStrategy,BuyHold_SPY
2018-01-02,1.0,1.0
2018-01-03,1.0,1.0063252962640734
2018-01-04,1.0,1.010566926170784
2018-01-05,1.0,1.0173013394400694
2018-01-08,1.0,1.0191615996088945
2018-01-09,1.0,1.021468479175076
2018-01-10,1.0,1.0199058580602
2018-01-11,1.0,1.0273472846949392
2018-01-12,1.0,1.0340441955720803
2018-01-16,1.0,1.0305096433573968
2018-01-17,1.0,1.0403320537705825
2018-01-18,1.0,1.0385834645327399
2018-01-19,1.0,1.0433083156569272
2018-01-22,1.0,1.0517918327766407
2018-01-23,1.0,1.0540240935179723
2018-01-24,1.0,1.053614783533041
2018-01-25,1.0,1.054061274277251
2018-01-26,1.0,1.066265054428322
2018-01-29,1.0,1.0591958856723818
2018-01-30,1.0,1.0483317064070876
2018-01-31,1.0002818620656422,1.048851979730697
2018-02-01,1.0005432376364234,1.0476618738009127
2018-02-02,0.9980955190621338,1.0248542440260717
2018-02-05,0.9943889641832596,0.9819923547867817
2018-02-06,1.0018393578530576,1.0013399225186428
2018-02-07,1.0007459650191601,0.9959076720695629
2018-02-08,0.9982841761308666,0.9585520731650444
2018-02-09,1.0029899079608409,0.9729510619513146
2018-02-12,1.0051949409957552,0.9872381868268829
2018-02-13,1.0052515501327046,0.9896939824098988
2018-02-14,1.005752990493527,1.0030508807111949
2018-02-15,1.0057344021785677,1.015850324929603
2018-02-16,1.0057344021785677,1.0161477710038325
2018-02-20,1.0057344021785677,1.0097854869601997
2018-02-21,1.0057344021785677,1.0047626108226244
2018-02-22,1.0057344021785677,1.006064709316257
2018-02-23,1.0057344021785677,1.0221008737156798
2018-02-26,1.0057344021785677,1.0339697697269499
2018-02-27,1.0057344021785677,1.0210590405369984
2018-02-28,1.0057344021785677,1.0107155848813256
2018-03-01,1.0057344021785677,0.9960190856942527
2018-03-02,1.0057344021785677,1.0011536327628103
2018-03-05,1.0057344021785677,1.0127247610669852
2018-03-06,1.0057344021785677,1.015292420560703
2018-03-07,1.0057344021785677,1.0149199053756115
2018-03-08,1.0057344021785677,1.0198313035619238
2018-03-09,1.0057344021785677,1.0375788764399108
2018-03-12,1.0057344021785677,1.0362765849665587
2018-03-13,1.0057344021785677,1.0295795454362713
2018-03-14,1.0057344021785677,1.0242960823508793
2018-03-15,1.0057344021785677,1.0231798876536404
2018-03-16,1.0057344021785677,1.024289328060699
2018-03-19,1.0057344021785677,1.0104303608559944
2018-03-20,1.0057344021785677,1.0121489095841776
2018-03-21,1.0057344021785677,1.0102065043814443
2018-03-22,1.00141602834405,0.9849540788675957
2018-03-23,0.9950317709034777,0.963959815189756
2018-03-26,1.0035259681284072,0.9903332598938298
2018-03-27,1.0024081987727798,0.9734858087538825
2018-03-28,1.0008109538180887,0.9706092530559151
2018-03-29,1.0041018573244476,0.9830112233788505
2018-04-02,1.0013607375296287,0.9617934248593265
2018-04-03,1.0033293246324373,0.9741207120308388
2018-04-04,1.0047022856425936,0.9845430963917624
2018-04-05,1.0040764518062508,0.9923131031621342
2018-04-06,1.0032508601152768,0.970198463559801
2018-04-09,1.0036050055777368,0.9749801793746499
2018-04-10,1.004855163686019,0.9904826261966758
2018-04-11,1.0048441698731054,0.98529005655914
2018-04-12,1.0048441698731054,0.993396298327349
2018-04-13,1.0048441698731054,0.9904826261966759
2018-04-16,1.0048441698731054,0.9986262417038829
2018-04-17,1.0048441698731054,1.0093099849315008
2018-04-18,1.0048441698731054,1.0100568807723054
2018-04-19,1.0048441698731054,1.004453650291802
2018-04-20,1.0048441698731054,0.9959362973946135
2018-04-23,1.0046807020533928,0.9957871240714867
2018-04-24,1.0032233563174566,0.9823766417347597
2018-04-25,1.0036679824833104,0.9848047125647494
2018-04-26,1.0049726342374983,0.9948159214701203
2018-04-27,1.0037139999658078,0.9957498146590619
2018-04-30,1.0052568298579239,0.9880918004525382
2018-05-01,1.0052111221286342,0.9898475299400001
2018-05-02,1.0052111221286342,0.9831981564004143
2018-05-03,1.0052111221286342,0.9810315730902653
2018-05-04,1.0052111221286342,0.9937325333251861
2018-05-07,1.0052111221286342,0.9970946903238368
2018-05-08,1.0052111221286342,0.9970946903238368
2018-05-09,1.0052111221286342,1.0067321618392262
2018-05-10,1.0052111221286342,1.016145969859785
2018-05-11,1.0052111221286342,1.019246189052583
2018-05-14,1.0052111221286342,1.0197320476595588
2018-05-15,1.0052111221286342,1.0127090653831379
2018-05-16,1.0052111221286342,1.0169676775051588
2018-05-17,1.0052111221286342,1.016108338814494
2018-05-18,1.0052111221286342,1.0135683397472293
2018-05-21,1.0052111221286342,1.0211885942553158
2018-05-22,1.0052111221286342,1.0183498625823586
2018-05-23,1.0052111221286342,1.0211512848428907
2018-05-24,1.0052111221286342,1.019059384684165
2018-05-25,1.0081184411604003,1.0166314425073215
2018-05-29,1.0043637727150496,1.004939251592485
2018-05-30,1.0138404712311093,1.0183498625823584
2018-05-31,1.008419331334978,1.012111535845179
2018-06-01,1.0313080525316969,1.0220478686194074
2018-06-04,1.044670550541029,1.0269043962388258
2018-06-05,1.0495433893180968,1.0276512277530572
2018-06-06,1.0551011819948943,1.0362430708219492
2018-06-07,1.0482827634314016,1.0361311425846742
2018-06-08,1.0480370182243988,1.0391941810181935
2018-06-11,1.0451636907316932,1.0405763017688203
2018-06-12,1.0494098286530213,1.0419211774335952
2018-06-13,1.0445249028873673,1.0385962655207963
2018-06-14,1.050087747374961,1.0412114623520694
2018-06-15,1.0429095904272707,1.0398831829431663
2018-06-18,1.0434477049961528,1.037744131406324
2018-06-19,1.0353172958345451,1.0337666907355265
2018-06-20,1.040845718919095,1.035530589697778
2018-06-21,1.0321532322899853,1.0290387519358282
2018-06-22,1.0273790464113621,1.030914707788501
2018-06-25,1.0072610333162115,1.0168812869174226
2018-06-26,1.0157384072721478,1.0191326526509787
2018-06-27,1.0035733647782765,1.0106901115583597
2018-06-28,1.0140869312311231,1.0164685032975413
2018-06-29,1.011987397315869,1.0179320614897718
2018-07-02,1.0221271915806167,1.0201081008061734
2018-07-03,1.0124306547634956,1.0165061343428323
2018-07-05,1.0227416217267042,1.024798858846593
2018-07-06,1.031745214289404,1.0334666715983714
2018-07-09,1.038675093950633,1.042772346649471
2018-07-10,1.0413569926596271,1.0465249016205482
2018-07-11,1.0349303688900242,1.0388699750895356
2018-07-12,1.044676673246385,1.0482885432765072
2018-07-13,1.0463520711703873,1.0491135315771118
2018-07-16,1.0445710426390107,1.0481757787937815
2018-07-17,1.0495203582802615,1.052416186495602
2018-07-18,1.0472675322805947,1.0546295352244286
2018-07-19,1.0466214786051482,1.0506526091662163
2018-07-20,1.0482102331282086,1.0494515033924239
2018-07-23,1.0507720076950173,1.0514027856622512
2018-07-24,1.0531270901849297,1.0566933889972625
2018-07-25,1.063512311098713,1.0656989162580601
2018-07-26,1.0616852003943158,1.0631850981060662
2018-07-27,1.0526034685776955,1.055980714893372
2018-07-30,1.0438684600692867,1.0504648398992016
2018-07-31,1.0471716507448345,1.0556428717312063
2018-08-01,1.0542280306472487,1.0538792300752473
2018-08-02,1.0628385816289398,1.0596206983614427
2018-08-03,1.0660050310889835,1.0641604819346873
2018-08-06,1.0690462733412915,1.0680631108009153
2018-08-07,1.0717323949230966,1.0715900724799676
2018-08-08,1.073234853738401,1.071139850794515
2018-08-09,1.0726889484439996,1.0696766142351504
2018-08-10,1.067805818459054,1.062509862067747
2018-08-13,1.0667758739585942,1.0585320997640837
2018-08-14,1.0746014300549793,1.0652862612913252
2018-08-15,1.0689042948177414,1.0573314442763033
2018-08-16,1.0724058748693563,1.0658868141782214
2018-08-17,1.0704745946519891,1.069639176169579
2018-08-20,1.0720393042266496,1.0719280442952794
2018-08-21,1.073586427603965,1.074442119753566
2018-08-22,1.080034709993982,1.0738044504339643
2018-08-23,1.0819894264932586,1.0723781373275858
2018-08-24,1.0881959846616958,1.078831958084806
2018-08-27,1.096402580888829,1.0873502758805917
2018-08-28,1.098472638770802,1.0878753093706137
2018-08-29,1.1087841271959349,1.0937288988738036
2018-08-30,1.1090160348889377,1.089301429497273
2018-08-31,1.1136830368084225,1.0893389962159905
2018-09-04,1.1135946772127736,1.0874624614241595
2018-09-05,1.1039122873601455,1.0845361169585765
2018-09-06,1.0977303035083525,1.0812711574119502
2018-09-07,1.0942085971722169,1.0791698655735449
2018-09-10,1.0952830553043202,1.081046014405937
2018-09-11,1.1029434936941795,1.0846107357834263
2018-09-12,1.1002029542985525,1.0848735741613031
2018-09-13,1.1091551137254296,1.0912900211795253
2018-09-14,1.110071392687353,1.0914774688136744
2018-09-17,1.1013225627813221,1.085698755441627
2018-09-18,1.1041871404694281,1.0915900403166807
2018-09-19,1.102923233651056,1.0927534507186094
2018-09-20,1.1072538248477521,1.1016094186968413
2018-09-21,1.1034471868647011,1.1006025791739515
2018-09-24,1.1088207644222758,1.0969462567563015
2018-09-25,1.111758845675206,1.095928610369123
2018-09-26,1.1079245432756377,1.092649241670112
2018-09-27,1.1128040054775625,1.0957023094847935
2018-09-28,1.1186874266101887,1.0958155242535315
2018-10-01,1.1259008829539798,1.0996224995054906
2018-10-02,1.1251188674231951,1.098981806836951
2018-10-03,1.1270622159745005,1.0995845468273342
2018-10-04,1.1148559180333122,1.0909911599206865
2018-10-05,1.1062164305069349,1.0848842523724456
2018-10-08,1.1023601683337807,1.0848842523724456
2018-10-09,1.1074059956306177,1.083301175407309
2018-10-10,1.080693157907302,1.049000381134947
2018-10-11,1.0665513651733594,1.0258947263467182
2018-10-12,1.086629627651169,1.040142547686094
2018-10-15,1.0758833873782927,1.0343003439863512
2018-10-16,1.092307021360313,1.0569163448997887
2018-10-17,1.0906276727212707,1.0571045001262425
2018-10-18,1.0829656053138275,1.0418387750933957
2018-10-19,1.08187306185001,1.0412734088420106
2018-10-22,1.0829773935725548,1.0365995043637555
2018-10-23,1.0781025608890533,1.0313225382622513
2018-10-24,1.0633435596849188,1.000074876131144
2018-10-25,1.0761282269047978,1.0180167795866066
2018-10-26,1.0722956617954575,1.000112249870142
2018-10-29,1.0665851048444892,0.9945716734718834
2018-10-30,1.0689712138087586,1.0093097919517822
2018-10-31,1.0760897638929166,1.0200902180188394
2018-11-01,1.0767420473059994,1.0309455845436122
2018-11-02,1.0723573263343837,1.0248391272813833
2018-11-05,1.0701317110867763,1.0304932400812457
2018-11-06,1.0714044153433744,1.0370138961479651
2018-11-07,1.0745681915894911,1.0592152479708998
2018-11-08,1.0743084698434193,1.0572931056387078
2018-11-09,1.0714172723009563,1.0469652170137367
2018-11-12,1.064616367989705,1.027402283914981
2018-11-13,1.0642751116576945,1.0254799486030695
2018-11-14,1.061502000172939,1.0184689953958268
2018-11-15,1.063836231075856,1.0290986399754285
2018-11-16,1.0641272061393936,1.031775011377764
2018-11-19,1.06162389441146,1.0143226974705197
2018-11-20,1.060823928432321,0.995551624487198
2018-11-21,1.0611845772517712,0.9989439506486545
2018-11-23,1.0599201480682683,0.9922725130944795
2018-11-26,1.0645707612835975,1.008291759605165
2018-11-27,1.064498754280631,1.011684214419768
2018-11-28,1.0660424169757685,1.0349786033736088
2018-11-29,1.066022243109434,1.032717267021215
2018-11-30,1.066022243109434,1.0390118795098975
2018-12-03,1.066022243109434,1.0527697896681891
2018-12-04,1.066022243109434,1.0186574722551465
2018-12-06,1.066022243109434,1.0171120906618736
2018-12-07,1.066022243109434,0.993478572014404
2018-12-10,1.0663659683427134,0.9953633406075979
2018-12-11,1.066247904562356,0.9955892555324886
2018-12-12,1.067000561707433,1.0006024183575188
2018-12-13,1.0672514377586553,1.0002633529904634
2018-12-14,1.0672362047214858,0.9817939073086258
2018-12-17,1.0650346924660719,0.9625323442050616
2018-12-18,1.066477489959062,0.9614770667725925
2018-12-19,1.0641472201876792,0.9470782066394686
2018-12-20,1.0598590856639174,0.9316616357925932
2018-12-21,1.0544034884278166,0.9125725322316349
2018-12-24,1.049883850820443,0.888459523307931
2018-12-26,1.0568436621002195,0.9333489218062273
2018-12-27,1.0567173665604974,0.9405145804218872
2018-12-28,1.05731746295561,0.9393015099054896
2018-12-31,1.0572674198151366,0.9475284926514946
2019-01-02,1.057251030629512,0.9485141687318193
2019-01-03,1.057251030629512,0.9258800277247545
2019-01-04,1.0610540726449942,0.9568930908435964
2019-01-07,1.060974603345629,0.964437825954809
2019-01-08,1.0614299833646954,0.9734989957013783
2019-01-09,1.0614180202551855,0.9780486212403144
2019-01-10,1.0614180202551855,0.9814988413176027
2019-01-11,1.0614180202551855,0.9818777248334358
2019-01-14,1.0614180202551855,0.975887634342029
2019-01-15,1.0614180202551855,0.9870721599415929
2019-01-16,1.0614180202551855,0.9894606699290975
2019-01-17,1.0614180202551855,0.9969671950558612
2019-01-18,1.0614180202551855,1.0102368665239705
2019-01-22,1.0614180202551855,0.9965881828868817
2019-01-23,1.0614180202551855,0.9986735860617196
2019-01-24,1.0614180202551855,0.9992039586573128
2019-01-25,1.0614180202551855,1.0076590434316954
2019-01-28,1.0614180202551855,1.0000003859594402
2019-01-29,1.0614180202551855,0.9986735860617195
2019-01-30,1.0629316168684049,1.0144832565970934
2019-01-31,1.0629141931148467,1.0233928086107562
2019-02-01,1.0629141931148467,1.0238858717939243
2019-02-04,1.0629141931148467,1.0310894830877406
2019-02-05,1.0629141931148467,1.0354110709248723
2019-02-06,1.0629141931148467,1.0340467043084338
2019-02-07,1.0629141931148467,1.0241889786065907
2019-02-08,1.0629141931148467,1.0254401947808642
2019-02-11,1.0629141931148467,1.0260087773609066
2019-02-12,1.0629141931148467,1.039202607799276
2019-02-13,1.0629141931148467,1.0425767938671053
2019-02-14,1.0629141931148467,1.0402644465422062
2019-02-15,1.0670583856892435,1.0516002682418106
2019-02-19,1.0677509639842333,1.0534203886289923
2019-02-20,1.0685578590063796,1.0555432298694016
2019-02-21,1.0671330805289807,1.0517900959591662
2019-02-22,1.069614069995412,1.0583109450056052
2019-02-25,1.0722006482818216,1.059751924570661
2019-02-26,1.07468728294341,1.058993385620117
2019-02-27,1.0738326400772356,1.0585384037682515
2019-02-28,1.0725802525017691,1.0565672445873218
2019-03-01,1.0768865362604843,1.0631639346635005
2019-03-04,1.0744486769003125,1.0592966210859298
2019-03-05,1.0718906720257046,1.0578558345005933
2019-03-06,1.0696361641572794,1.0514487791620506
2019-03-07,1.0613991371941476,1.0426529565297107
2019-03-08,1.062196150434426,1.0405679393143115
2019-03-11,1.0729745685244516,1.0556568949241514
2019-03-12,1.0762145177435172,1.0596380022096181
2019-03-13,1.0805095992263638,1.0666519144392255
2019-03-14,1.0805216029646336,1.0659694094981405
2019-03-15,1.0851571382232104,1.0712358903682218
2019-03-18,1.0939080553012062,1.0751201218345299
2019-03-19,1.0909139488827733,1.0753867554802223
2019-03-20,1.0931811606711666,1.0721500352992073
2019-03-21,1.117319546575508,1.0842595126940455
2019-03-22,1.0997688573514777,1.0633915220792924
2019-03-25,1.0959367234197863,1.0625919427750807
2019-03-26,1.098418339309838,1.070512216420323
2019-03-27,1.0968053222527925,1.0649145823516832
2019-03-28,1.098641127036509,1.0689512677963486
2019-03-29,1.1040803278795424,1.0756916634369367
2019-04-01,1.111102532000613,1.0884483304842023
2019-04-02,1.1141910087008722,1.088981469122441
2019-04-03,1.1199361653419613,1.0906952576842113
2019-04-04,1.1198110796281968,1.0935891815569283
2019-04-05,1.1243803620161006,1.0988824866080118
2019-04-08,1.1275580844246662,1.0997201472435263
2019-04-09,1.1233304024472435,1.0940846248233032
2019-04-10,1.128074263226686,1.0978164666378272
2019-04-11,1.1266574013229103,1.0975116873342587
2019-04-12,1.1286438041503615,1.104937289632004
2019-04-15,1.1262948941566127,1.1042133583778126
2019-04-16,1.1277783375362356,1.104937289632004
2019-04-17,1.13118873183642,1.1022332578032155
2019-04-18,1.1347292682242092,1.1044038936874727
2019-04-22,1.1384294743097034,1.105356055623188
2019-04-23,1.1516911630803166,1.1152948971337688
2019-04-24,1.1496441403105773,1.1128194819459434
2019-04-25,1.151459981415356,1.112134017982494
2019-04-26,1.1486282347906356,1.117313079039669
2019-04-29,1.1511337682191116,1.1190646916264497
2019-04-30,1.151168274607674,1.1196357829428447
2019-05-01,1.150111217363571,1.1112203233375204
2019-05-02,1.1499086460696213,1.1088210708123003
2019-05-03,1.1591461149689948,1.1196739929272939
2019-05-06,1.152393423036316,1.1150664091459528
2019-05-07,1.1342869057929374,1.096445410057782
2019-05-08,1.1343613821891956,1.0949218994993792
2019-05-09,1.1282027745921546,1.0916089523291856
2019-05-10,1.1294903789756692,1.0970924067304904
2019-05-13,1.1016187339757584,1.0695221661330252
2019-05-14,1.1105092852433331,1.079195017263645
2019-05-15,1.1138070652804972,1.0855159393207445
2019-05-16,1.1191603729269732,1.0955694107846725
2019-05-17,1.1135575427606352,1.0884866691217985
2019-05-20,1.103145790521832,1.0812891688524309
2019-05-21,1.1110557258103901,1.0910378610127907
2019-05-22,1.1065814121151334,1.0876868325112943
2019-05-23,1.097189920456767,1.0743967695194974
2019-05-24,1.0957364668295801,1.0768337174165814
2019-05-28,1.0911506196673226,1.0668185202636755
2019-05-29,1.0850958326500868,1.059659744591342
2019-05-30,1.0871006093659503,1.062553668464059
2019-05-31,1.0782670517158184,1.0482355381802342
2019-06-03,1.069338533945526,1.0455699093156143
2019-06-04,1.0848025163370871,1.0682655465266073
2019-06-05,1.0912706163032349,1.0775192457066043
2019-06-06,1.0953612746641965,1.0845260820131655
2019-06-07,1.102147233427642,1.0953787468218663
2019-06-10,1.1049439764498594,1.100405353900684
2019-06-11,1.1056806602892488,1.1001392991941499
2019-06-12,1.1044404909840235,1.0981966366851241
2019-06-13,1.1060146754769131,1.102728186457006
2019-06-14,1.1051161178165363,1.101510098467903
2019-06-17,1.1055186013384608,1.1019284784996481
2019-06-18,1.1099489963671034,1.1134671218843837
2019-06-19,1.1109404113950274,1.115980103790927
2019-06-20,1.1151954444221914,1.1266427479025527
2019-06-21,1.1143855799974576,1.1250049933502415
2019-06-24,1.1147208079207838,1.123627375459735
2019-06-25,1.1067920243954465,1.1126068182951216
2019-06-26,1.1098299933905664,1.1114974422146362
2019-06-27,1.110826650135524,1.115438602698179
2019-06-28,1.110810023709907,1.1211785914731922
2019-07-01,1.1176755078601215,1.1313574997547562
2019-07-02,1.1205945132414106,1.134303528151722
2019-07-03,1.1259340180106188,1.1433726743933614
2019-07-05,1.12488761132339,1.1420717337780457
2019-07-08,1.1190730911497377,1.1357959046487218
2019-07-09,1.1199419531875099,1.1372117325236775
2019-07-10,1.1254262767068652,1.1426457841168056
2019-07-11,1.1257191360776495,1.1453240853163356
2019-07-12,1.12945531241841,1.1504512991555544
2019-07-15,1.1312955647699716,1.1508341709189227
2019-07-16,1.1270985260811617,1.147122656301513
2019-07-17,1.1224758315043681,1.139316497997033
2019-07-18,1.1259898263924302,1.1434871756935627
2019-07-19,1.1217179885214077,1.1371353125547798
2019-07-22,1.128621975649987,1.1399290156265345
2019-07-23,1.1335848496695589,1.1480793210973486
2019-07-24,1.1383470910749944,1.1534749053997349
2019-07-25,1.1340163155707923,1.147964562490855
2019-07-26,1.1434030998128082,1.155655704882549
2019-07-29,1.1431246911140056,1.1535511967154866
2019-07-30,1.1414656194661408,1.1507195409655753
2019-07-31,1.1271553171063067,1.1381301873350638
2019-08-01,1.1195925380526663,1.128219520863521
2019-08-02,1.1075847095300124,1.1197245536137876
2019-08-05,1.0783669953826083,1.0860508791030314
2019-08-06,1.092734024090112,1.1012804526017699
2019-08-07,1.0978596262462936,1.1019313088688665
2019-08-08,1.1160424286244903,1.1235510841439833
2019-08-09,1.109532991051452,1.1158978944304456
2019-08-12,1.103236621667253,1.1023139233259422
2019-08-13,1.1138199930280017,1.1194568264163516
2019-08-14,1.103707470540506,1.08635668763177
2019-08-15,1.103038722071378,1.0892268106724228
2019-08-16,1.1128929742805307,1.1052985476667958
2019-08-19,1.1177794578828444,1.1186146629207168
2019-08-20,1.1158685458092008,1.1100432757020853
2019-08-21,1.1190528847085968,1.1190736973466906
2019-08-22,1.1181749956482423,1.1187294215272103
2019-08-23,1.1082496619330149,1.0899921682397204
2019-08-26,1.114181131325337,1.102045681515921
2019-08-27,1.112990155434829,1.0977215206158635
2019-08-28,1.1133054724227425,1.1054516449108844
2019-08-29,1.1165000531026852,1.1195713277165522
2019-08-30,1.1162078355228118,1.1190736973466904
2019-09-03,1.1134101086491786,1.1125307842856622
2019-09-04,1.116283802518765,1.1251582192474763
2019-09-05,1.1199976708462487,1.139622435178917
2019-09-06,1.1174652837240833,1.1405026800058544
2019-09-09,1.1205428329174756,1.1410767303446143
2019-09-10,1.1266225342439566,1.1408086171877394
2019-09-11,1.1336620923496388,1.1489213559398361
2019-09-12,1.1354851789084945,1.152900726407828
2019-09-13,1.1287272836904731,1.1521353688405302
2019-09-16,1.1245056827531665,1.1485766941609168
2019-09-17,1.128190842906289,1.151484769879726
2019-09-18,1.1287808775629684,1.1521737074781255
2019-09-19,1.1261619011213,1.1520972875092275
2019-09-20,1.1166460935841018,1.1466537155832737
2019-09-23,1.1192371032874422,1.1463844445480822
2019-09-24,1.110590287048351,1.1373888879061222
2019-09-25,1.1224590028428252,1.1441165468852275
2019-09-26,1.1203244495740303,1.1417329900438553
2019-09-27,1.111066092876221,1.1355822117727283
2019-09-30,1.1194501463991837,1.1408490142756753
2019-10-01,1.1125687638203172,1.127278680404679
2019-10-02,1.0977367203566155,1.1073657464214328
2019-10-03,1.113312566712677,1.1164381089917297
2019-10-04,1.1242769281832692,1.1315459766140747
2019-10-07,1.123227539599921,1.1266635897122517
2019-10-08,1.111321424824647,1.109172551207973
2019-10-09,1.1229436538165027,1.119705255641843
2019-10-10,1.1289411483875333,1.1272786804046788
2019-10-11,1.1368383478122948,1.138965017601359
2019-10-14,1.1365110616122727,1.1376966262320554
2019-10-15,1.1447388863701946,1.14896008053687
2019-10-16,1.141695953966615,1.147115194419027
2019-10-17,1.142044508821197,1.1504978715945116
2019-10-18,1.1375779101513959,1.145461744182868
2019-10-21,1.1449100034120785,1.153227376746266
2019-10-22,1.1413676682445117,1.1494596407039261
2019-10-23,1.1454841946332055,1.1528043652012543
2019-10-24,1.149768249747322,1.1546878472629853
2019-10-25,1.1567542747870163,1.1594162363486955
2019-10-28,1.1641090038116046,1.1659515588740925
2019-10-29,1.157821761869744,1.1656056105637103
2019-10-30,1.1606757474176528,1.1691804955397567
2019-10-31,1.1610853142428237,1.1660667034400247
2019-11-01,1.1692652807979471,1.1768689362153786
2019-11-04,1.1758858887846202,1.1815974539542353
2019-11-05,1.1746673172531277,1.1802908526004827
2019-11-06,1.1734110803706068,1.1805594803699428
2019-11-07,1.1774011904423056,1.1847111174008211
2019-11-08,1.1807841744664889,1.1876332163125762
2019-11-11,1.1817188178082851,1.1853648040371363
2019-11-12,1.1845125420211533,1.1878637627507334
2019-11-13,1.1861078888399732,1.1882479210455648
2019-11-14,1.187219506996005,1.1899780485569145
2019-11-15,1.1920660736034236,1.1985891895977507
2019-11-18,1.1982411155047024,1.1994732940190769
2019-11-19,1.1954715803749616,1.1991273457086946
2019-11-20,1.1930065992865277,1.1946675843924441
2019-11-21,1.1907815537453519,1.1927455063868253
2019-11-22,1.1922078817953567,1.1953982056102428
2019-11-25,1.2069685337813953,1.204662518674809
2019-11-26,1.206444415692652,1.2073924097860025
2019-11-27,1.21241036816219,1.2127743568548817
2019-11-29,1.2070506961507077,1.2082763855541823
2019-12-02,1.1931839936475162,1.198012566196065
2019-12-03,1.1851408296622084,1.1899780485569147
2019-12-04,1.192965814187225,1.1973204122690082
2019-12-05,1.1964349351595132,1.1994732940190769
2019-12-06,1.2094384453930491,1.210429267304251
2019-12-09,1.2047339571030689,1.206623707236901
2019-12-10,1.2056585962426634,1.2052777380203825
2019-12-11,1.2112009817675973,1.2086992684460476
2019-12-12,1.2213213786292325,1.2191173429265705
2019-12-13,1.2266591432325948,1.2198478354912228
2019-12-16,1.2352154420332475,1.2282279154813163
2019-12-17,1.23542273557894,1.2284970578633614
2019-12-18,1.2349702920708558,1.228573735138552
2019-12-19,1.2426265175310431,1.233609733897049
2019-12-20,1.2493956440952296,1.2390181835140646
2019-12-23,1.2527815525345642,1.240911057255475
2019-12-24,1.2527994775481932,1.2409499105056554
2019-12-26,1.261821462834836,1.2475558636083672
2019-12-27,1.2608138592269602,1.2472464527915323
2019-12-30,1.2542145076931484,1.240370328081605
2019-12-31,1.259284050676265,1.2433835134209357
2020-01-02,1.2779557029931488,1.2550113134360523
2020-01-03,1.2663718760363185,1.2455084774382588
2020-01-06,1.2711944162303461,1.2502602813965944
2020-01-07,1.2683198294075861,1.2467445768678427
2020-01-08,1.2790336503282451,1.25338886860815
2020-01-09,1.291983313299697,1.2618878241054186
2020-01-10,1.2908962172300946,1.2582564603981494
2020-01-13,1.3069956865821053,1.2669097996709697
2020-01-14,1.2989642263814136,1.2649783299856714
2020-01-15,1.299723830690646,1.2678372602025967
2020-01-16,1.312382128235441,1.2783832159105348
2020-01-17,1.3176052290489229,1.2823625863785266
2020-01-21,1.3136419964902717,1.279851148309739
2020-01-22,1.3147598400242786,1.2800059180447296
2020-01-23,1.3195373934083499,1.2814737217907877
2020-01-24,1.3114071656990494,1.2700776260921447
2020-01-27,1.2921541233021772,1.249718908956993
2020-01-28,1.3073584436945027,1.262814641371314
2020-01-29,1.3119217022635714,1.2617719076206084
2020-01-30,1.3177280840504346,1.2658669372671176
2020-01-31,1.300128266199716,1.2428815088440996
2020-02-03,1.3114632002246394,1.2521140445815313
2020-02-04,1.330050993003351,1.2711978090369185
2020-02-05,1.3353769210789876,1.2858776476415466
2020-02-06,1.342326148648267,1.290204896217115
2020-02-07,1.3383717955972327,1.28332799958831
2020-02-10,1.3492216668048918,1.292908670739611
2020-02-11,1.3477728958044592,1.2951492939354514
2020-02-12,1.3543475118549335,1.303493351044583
2020-02-13,1.3517826518204217,1.3021026105331546
2020-02-14,1.3595728387841606,1.3041887213002972
2020-02-18,1.3601298884095654,1.3008284297722676
2020-02-19,1.3684320512450672,1.3070477801703688
2020-02-20,1.362546178319467,1.3016780551503873
2020-02-21,1.3501440565448763,1.2882729119192313
2020-02-24,1.326703037079863,1.2455472020352927
2020-02-25,1.3089469613723541,1.2078040998541395
2020-02-26,1.3149041215251642,1.2033613207532
2020-02-27,1.2856529549359335,1.149316578405248
2020-02-28,1.2913338606723925,1.1444877112122827
2020-03-02,1.3146824706678129,1.1940515931279923
2020-03-03,1.302794667851206,1.1598626627663322
2020-03-04,1.3195657224245307,1.2086153865946638
2020-03-05,1.3105872448338713,1.1684389388045229
2020-03-06,1.3035256077880435,1.1491232127263693
2020-03-09,1.281556178197711,1.0593832046533844
2020-03-10,1.3025574701200624,1.1142008307776923
2020-03-11,1.2905598759645798,1.0598850805770739
2020-03-12,1.2688417536475773,0.9584786122185112
2020-03-13,1.2894034640816119,1.0404152280296612
2020-03-16,1.2707594249888494,0.9265692869560186
2020-03-17,1.2812365698673274,0.9765965775046761
2020-03-18,1.2749622154852995,0.9271485477472033
2020-03-19,1.2774703721210896,0.9291187420295359
2020-03-20,1.274293682335186,0.8890789882073313
2020-03-23,1.2748137904483552,0.8663470064825107
2020-03-24,1.2839715163166332,0.9448407997722843
2020-03-25,1.2835980388391688,0.9589851839820404
2020-03-26,1.284763669325939,1.014980372354369
2020-03-27,1.2843249222656306,0.9847484268132459
2020-03-30,1.2855887280403613,1.0167287042859192
2020-03-31,1.2854014108088554,1.0015740712448966
2020-04-01,1.2834614374328206,0.9564982543376217
2020-04-02,1.283448943374985,0.9785699237890929
2020-04-03,1.283448943374985,0.9644254109261905
2020-04-06,1.283448943374985,1.02920233441134
2020-04-07,1.283448943374985,1.0302515008193602
2020-04-08,1.283448943374985,1.0648356536464327
2020-04-09,1.283448943374985,1.0810395817486218
2020-04-13,1.283448943374985,1.071169633997881
2020-04-14,1.283448943374985,1.1027611216624564
2020-04-15,1.2829726127259802,1.0793297814343865
2020-04-16,1.2851150374941431,1.084536760224307
2020-04-17,1.2847590750685904,1.1138358418016587
2020-04-20,1.283954333690413,1.0942119914381332
2020-04-21,1.2813475198423698,1.060988667265976
2020-04-22,1.2946711050488855,1.084536760224307
2020-04-23,1.2909959641666027,1.0844589250707997
2020-04-24,1.2966474138631316,1.0995748978413613
2020-04-27,1.2976613148848224,1.11542882505906
2020-04-28,1.2914526114954705,1.110299810075793
2020-04-29,1.2996778808146658,1.139365900805208
2020-04-30,1.2994428541591427,1.1287574196681713
2020-05-01,1.2934114998108226,1.098875153378673
2020-05-04,1.2988212071523086,1.1019064788116308
2020-05-05,1.3008319874268417,1.1120869309309502
2020-05-06,1.3031385079930353,1.1045486284770523
2020-05-07,1.3056748881301825,1.1178770944330174
2020-05-08,1.308298085591512,1.13637342862243
2020-05-11,1.3121045247231384,1.136606934082952
2020-05-12,1.3070691362687237,1.1139525302053463
2020-05-13,1.298931542104549,1.0942509733414598
2020-05-14,1.304771869932504,1.1073465771026345
2020-05-15,1.3074870064788635,1.1124371247951599
2020-05-18,1.31865982312125,1.1463215331595442
2020-05-19,1.316453362483363,1.1345473258639458
2020-05-20,1.3252617332913084,1.1538212396695542
2020-05-21,1.3198271682500367,1.1458547795447929
2020-05-22,1.32409397654465,1.148031076167487
2020-05-26,1.3182023362923245,1.162175460377243
2020-05-27,1.3177242083455594,1.1794673438110597
2020-05-28,1.317101378998685,1.1772914331478044
2020-05-29,1.3221796751704222,1.1825377798004906
2020-06-01,1.3241574733118244,1.187317115532133
2020-06-02,1.3278446857639943,1.1971477597466813
2020-06-03,1.3291939698574744,1.213080165383619
2020-06-04,1.3228642763174778,1.2098936842562313
2020-06-05,1.3440555588663807,1.240902823454111
2020-06-08,1.3495816888705088,1.2559018505146922
2020-06-09,1.356549576678301,1.2465371879960174
2020-06-10,1.3687298423989163,1.239581555641681
2020-06-11,1.3421947695128977,1.168121165533178
2020-06-12,1.3472227291965386,1.1821100080890659
2020-06-15,1.353236637375775,1.1931454890186493
2020-06-16,1.3612940251695247,1.216110976203992
2020-06-17,1.3625474049275443,1.211059281761647
2020-06-18,1.3638153325568785,1.2115255207638131
2020-06-19,1.361930277959343,1.2046019230429037
2020-06-22,1.372020965612283,1.2123297315812915
2020-06-23,1.3754347084730119,1.2179110910269253
2020-06-24,1.3653673907890052,1.1868436719537747
2020-06-25,1.3723930680028091,1.1995672108158697
2020-06-26,1.3604312205843985,1.1710756850377995
2020-06-29,1.3687911950744862,1.1882878035209146
2020-06-30,1.3769127269755967,1.203509014565144
2020-07-01,1.378516792318355,1.2119393979354383
2020-07-02,1.3808425999407934,1.2186132798993927
2020-07-06,1.3903540207673566,1.2374255862161012
2020-07-07,1.3876953134993384,1.2246634514101182
2020-07-08,1.396926711117208,1.234029915072841
2020-07-09,1.4002212301292978,1.2270045527132138
2020-07-10,1.4015667138844872,1.2395334393649675
2020-07-13,1.3905910051747317,1.2288000360228803
2020-07-14,1.3995848007038978,1.2447243365116014
2020-07-15,1.4007261123730435,1.2561595427667174
2020-07-16,1.3945390149949601,1.252022829500809
2020-07-17,1.3947589001138174,1.2556525207171763
2020-07-20,1.4077183864242524,1.265800166284191
2020-07-21,1.4026182324470562,1.2684930052892518
2020-07-22,1.4070445949823847,1.2757132771655133
2020-07-23,1.3906787507078648,1.260491680161845
2020-07-24,1.3889031857153664,1.252373923937043
2020-07-27,1.4000370766192396,1.2615066248329514
2020-07-28,1.3928510503195028,1.2535055570118372
2020-07-29,1.40424304429179,1.2689224494915783
2020-07-30,1.4062202879389674,1.2643950166203777
2020-07-31,1.4175587501225966,1.274386348614646
2020-08-03,1.4313361336420092,1.2832461761872667
2020-08-04,1.4335928868730603,1.2882029246076472
2020-08-05,1.436257560428312,1.2962037351224687
2020-08-06,1.4434874417353531,1.3048682672190164
2020-08-07,1.4386908241944694,1.3058051194303226
2020-08-10,1.438414605849585,1.3097079412762702
2020-08-11,1.4272020323449894,1.2988969600869684
2020-08-12,1.443121279388625,1.3170060483060388
2020-08-13,1.4436489179223708,1.3146254504870314
2020-08-14,1.4448530817892564,1.3146645610435044
2020-08-17,1.4528806014539584,1.3188407708253247
2020-08-18,1.4543543467225848,1.3216899234031316
2020-08-19,1.4513382046592713,1.3161869137235906
2020-08-20,1.4574927377898719,1.3202849023924648
2020-08-21,1.4667021397295457,1.324968520183265
2020-08-24,1.4725527993638003,1.3383946338772665
2020-08-25,1.4753517072940563,1.3430781230149205
2020-08-26,1.4840914735912163,1.3565434759185415
2020-08-27,1.4860925934446412,1.3595098315126215
2020-08-28,1.4943931490309015,1.368290923359711
2020-08-31,1.4962951258721326,1.363334432245623
2020-09-01,1.5098566314575248,1.3761750454708446
2020-09-02,1.5204354251056937,1.3960798743058744
2020-09-03,1.4911179103747392,1.3480350000884476
2020-09-04,1.4855323564386071,1.3370284661167802
2020-09-08,1.4658727983697803,1.3004966333079764
2020-09-09,1.4914369620948327,1.326178374371005
2020-09-10,1.480868156088737,1.3031511336754418
2020-09-11,1.476849012551148,1.3038147266040216
2020-09-14,1.4902990826368385,1.3209872199180785
2020-09-15,1.4946962221880546,1.3276616164946184
2020-09-16,1.487826715200815,1.322392369581892
2020-09-17,1.4819234690263854,1.3107617391975568
2020-09-18,1.470740365991103,1.2956713684031076
2020-09-21,1.4782979130724998,1.2812507658882601
2020-09-22,1.4875909866517152,1.294299925863623
2020-09-23,1.4730057637176357,1.2642839889551258
2020-09-24,1.4801259090175376,1.2676536721628346
2020-09-25,1.4929366929111574,1.2881478610610329
2020-09-28,1.4986126048491804,1.3095430079427217
2020-09-29,1.4971326870826582,1.3024111207779636
2020-09-30,1.502240667085104,1.3122860216748369
2020-10-01,1.5052609810763131,1.3207108729598405
2020-10-02,1.4946909082962825,1.308171436750091
2020-10-05,1.5055985992752685,1.3313696574770777
2020-10-06,1.4982230241828094,1.3124427212070218
2020-10-07,1.507174544301645,1.3352880463537264
2020-10-08,1.5085876859409473,1.3471223346686436
2020-10-09,1.5150313114525018,1.35915204711278
2020-10-12,1.5307740510626004,1.3810175498973165
2020-10-13,1.528144555875112,1.3720047537337532
2020-10-14,1.5245696443176517,1.3633840923600915
2020-10-15,1.5222562371087873,1.3616989934499446
2020-10-16,1.5195538138710318,1.3608759992731077
2020-10-19,1.5083006478283567,1.3401861289393975
2020-10-20,1.5118046555922318,1.345554567427916
2020-10-21,1.5098700340820679,1.3430077497438977
2020-10-22,1.5088372803334071,1.3503744289006407
2020-10-23,1.51217093942271,1.3549593697282345
2020-10-26,1.4997469147539841,1.329919865171501
2020-10-27,1.5084149230300434,1.3253350529970538
2020-10-28,1.4851262973546115,1.2800362801872531
2020-10-29,1.5051682215800226,1.2930456863404114
2020-10-30,1.4864470076989469,1.279566181590698
2020-11-02,1.490907223320323,1.293908048380014
2020-11-03,1.5108415314115604,1.3167529875672799
2020-11-04,1.5322721033657174,1.3461820088223877
2020-11-05,1.5448522338160129,1.372435870426982
2020-11-06,1.547447734456381,1.3721223427094658
2020-11-09,1.539763418611623,1.389364308722521
2020-11-10,1.530726839085307,1.3873261855789456
2020-11-11,1.5438208162069114,1.3976324604753396
2020-11-12,1.5414200602763124,1.3840739626938023
2020-11-13,1.5436688521499176,1.4032359482621355
2020-11-16,1.5484088846194863,1.4207516881705025
2020-11-17,1.5447335721284265,1.4131105918527163
2020-11-18,1.5399875489406447,1.396104189750524
2020-11-19,1.5420276056902056,1.401981580085778
2020-11-20,1.536806420801943,1.3923813536562406
2020-11-23,1.5351318044348246,1.4007279838282982
2020-11-24,1.540254836115264,1.4232987631608136
2020-11-25,1.5423449196569587,1.4211044550976384
2020-11-27,1.5445765989923688,1.4250624691433456
2020-11-30,1.5466437167104508,1.418753318849132
2020-12-01,1.5548756838121722,1.4342709467424204
2020-12-02,1.5562733748056623,1.43728799167614
2020-12-03,1.5541389168006732,1.436895985539385
2020-12-04,1.5571508801908187,1.4492789795232424
2020-12-07,1.558890088382347,1.4463002732271182
2020-12-08,1.5602278758007861,1.4505329617401612
2020-12-09,1.5447055487315733,1.4375230409744177
2020-12-10,1.544932588605613,1.4370529423778626
2020-12-11,1.5505512558218655,1.4353678434677155
2020-12-14,1.5569372135700805,1.4289416188103752
2020-12-15,1.5694302257841004,1.448260046604601
2020-12-16,1.574304577091626,1.4505329617401612
2020-12-17,1.5790914613169347,1.4586440280013562
2020-12-18,1.5732715488692999,1.4528199000686675
2020-12-21,1.5792575115670806,1.4476256579402298
2020-12-22,1.5838580800225275,1.4451857510207813
2020-12-23,1.5759071788178354,1.4464841185731714
2020-12-24,1.580404134359837,1.4521117931514704
2020-12-28,1.589379320607495,1.4645866454817809
2020-12-29,1.5869023793352186,1.4617925564505874
2020-12-30,1.5889138344686857,1.4638781526051448
2020-12-31,1.5896464257850567,1.471315590992349
2021-01-04,1.5765757799756517,1.4512853253396836
2021-01-05,1.5857689919387001,1.4612807742346334
2021-01-06,1.5704754183661804,1.4700169661336664
2021-01-07,1.592139032864348,1.4918577675141145
2021-01-08,1.5965778681257086,1.5003578808896996
2021-01-11,1.589321140968454,1.490244585712745
2021-01-12,1.5870053305648686,1.4905591426554317
2021-01-13,1.5925753035983998,1.494573249472923
2021-01-14,1.5822768484968395,1.4893392535222807
2021-01-15,1.5767866715708987,1.478478226259071
2021-01-19,1.58783562982865,1.4900869856085366
2021-01-20,1.6029180364474178,1.5107077692026873
2021-01-21,1.6081870069775541,1.512085001133755
2021-01-22,1.60959862685526,1.5067331589011084
2021-01-25,1.6171641169914637,1.5126756477283867
2021-01-26,1.6161388400019367,1.5103144765344694
2021-01-27,1.6026276810937703,1.4734017017594918
2021-01-28,1.6072158274410384,1.486073007444192
2021-01-29,1.5927335049768272,1.4563226106296439
2021-02-01,1.6090857160840262,1.4805635651073363
2021-02-02,1.6164092687607854,1.50149903429732
2021-02-03,1.6175593215157,1.5026798128739982
2021-02-04,1.624749432031888,1.5197587753507
2021-02-05,1.6244339582208902,1.5257402460813052
2021-02-08,1.635092744356184,1.536759259408163
2021-02-09,1.633316299177178,1.535736080935694
2021-02-10,1.6363535088281762,1.5350668272686772
2021-02-11,1.641709937837352,1.5375462307040377
2021-02-12,1.6412924733986411,1.5451411405423048
2021-02-16,1.6408580775367594,1.5438032764740028
2021-02-17,1.636196656498428,1.544157587238894
2021-02-18,1.6309653590519841,1.5375855985668034
2021-02-19,1.6293048034146895,1.5348702452611414
2021-02-22,1.6097748278345918,1.5230642606384086
2021-02-23,1.6061032283021468,1.5249141642289572
2021-02-24,1.6124679010332965,1.5417174230131527
2021-02-25,1.5825241813306754,1.5045686983678737
2021-02-26,1.5927857219412322,1.4968158024659588
2021-03-01,1.6194563648317366,1.5330993347024167
2021-03-02,1.6086311206830375,1.5211363932412063
2021-03-03,1.5857213478132184,1.5009875093876586
2021-03-04,1.5720826089569175,1.4824134686978847
2021-03-05,1.587454657760506,1.5096844620770722
2021-03-08,1.567629481331326,1.502168030658044
2021-03-09,1.5929206281432282,1.523615410717128
2021-03-10,1.5918128350956866,1.5330993347024164
2021-03-11,1.6039059619630684,1.548643593796988
2021-03-12,1.6016379852416112,1.5507293186046918
2021-03-15,1.6040688126329283,1.5599772927196787
2021-03-16,1.6062772986724472,1.5580098001534184
2021-03-17,1.6068688133374058,1.5633222745232995
2021-03-18,1.5995589055233173,1.5405765269118257
2021-03-19,1.598906758621277,1.5377260878025558
2021-03-22,1.6044134826488745,1.550004615431623
2021-03-23,1.603727613191392,1.5378045662217945
2021-03-24,1.6012378311367939,1.5299873437467333
2021-03-25,1.6005522902534746,1.5385944965400342
2021-03-26,1.6072203971947723,1.5633889168530797
2021-03-29,1.6062316440430642,1.5625992438411327
2021-03-30,1.6031646427475916,1.5584536535081301
2021-03-31,1.6072435604963702,1.5647709089505604
2021-04-01,1.6151299920366795,1.5816687277972814
2021-04-05,1.6242401913835103,1.6043703473795767
2021-04-06,1.6232407704638396,1.6034233315697133
2021-04-07,1.625091138289382,1.6052787672455524
2021-04-08,1.6291469397788534,1.6128985071410538
2021-04-09,1.6336698366268492,1.6246244695067922
2021-04-12,1.6338470198920942,1.6252167885923254
2021-04-13,1.6367902065733582,1.6300335623895392
2021-04-14,1.6216190507759054,1.6244666120962905
2021-04-15,1.638768990240886,1.6419173821657793
2021-04-16,1.6385567770574991,1.6474055967334966
2021-04-19,1.6293603599639124,1.6393116413407587
2021-04-20,1.6241282105590042,1.6273093320167826
2021-04-21,1.6317845516198857,1.6427069265245797
2021-04-22,1.6207358711546058,1.6277040398696097
2021-04-23,1.6425044585245736,1.6453524211718047
2021-04-26,1.6474348339246705,1.6487874601778307
2021-04-27,1.6453436331116431,1.6484318628814765
2021-04-28,1.6349870984464652,1.6479582906499717
2021-04-29,1.6360392108564012,1.6584601183287313
2021-04-30,1.6229582606976798,1.6475634541439983
2021-05-03,1.6259066582323316,1.65111698269776
2021-05-04,1.6023528829972207,1.6409302265742725
2021-05-05,1.6033013672186778,1.6414436812811282
2021-05-06,1.6193802945875397,1.6545517643974934
2021-05-07,1.6354156140045812,1.6665933129310886
2021-05-10,1.6164971734280837,1.6500903305903412
2021-05-11,1.6090672136925959,1.6353636622404626
2021-05-12,1.5776391261639928,1.6006197222056942
2021-05-13,1.5922454342089243,1.6198474495317832
2021-05-14,1.6182390150919101,1.6447204769172135
2021-05-17,1.6127263634761742,1.6405355187214452
2021-05-18,1.6028529174036634,1.6264014267633926
2021-05-19,1.6024253018403274,1.6221372182295077
2021-05-20,1.620952986466109,1.639588116952143
2021-05-21,1.620080483899658,1.6382457500237206
2021-05-24,1.6316661955480913,1.6549466009034668
2021-05-25,1.6319287773009985,1.6512745828019693
2021-05-26,1.63271904257066,1.6545517643974936
2021-05-27,1.6296808662602238,1.655420173134972
2021-05-28,1.6356216878151837,1.6583815112563465
2021-06-01,1.6337265514658827,1.656920526127042
2021-06-02,1.6380992435365664,1.6595262669520625
2021-06-03,1.6368889960479498,1.6533669975732803
2021-06-04,1.649023013100697,1.6684888883885716
2021-06-07,1.6512513144447423,1.6668699171956192
2021-06-08,1.6492374362024291,1.6672252571856807
2021-06-09,1.6489348658660954,1.66473787725525
2021-06-10,1.6549595897066136,1.67247636400478
2021-06-11,1.659482086069704,1.6752400908934482
2021-06-14,1.6644314375847709,1.6789904587610385
2021-06-15,1.6599047335955817,1.6759112743576594
2021-06-16,1.6555465342038242,1.666553816415177
2021-06-17,1.6655298013371245,1.6660012511518483
2021-06-18,1.6562939083962962,1.6435264470664677
2021-06-21,1.667765609769512,1.667055049073135
2021-06-22,1.6773126529807454,1.675967238476297
2021-06-23,1.6777303540293238,1.6739473840794954
2021-06-24,1.6817634469953553,1.6838494307902365
2021-06-25,1.6787373830959247,1.689831030173988
2021-06-28,1.6992472111275547,1.6932375081815367
2021-06-29,1.7104230498756308,1.6941487584167307
2021-06-30,1.7130171979453601,1.6955747498902436
2021-07-01,1.7197485185539603,1.704962569975251
2021-07-02,1.7432836655153037,1.7179942331227183
2021-07-06,1.7508305600439589,1.714864873992285
2021-07-07,1.7604123589323575,1.7209250804484215
2021-07-08,1.7463329214104435,1.7069033026870828
2021-07-09,1.7578354559888303,1.7251240618371357
2021-07-12,1.760749598100255,1.7313035297598858
2021-07-13,1.7645728631199658,1.7254011807142509
2021-07-14,1.7719418801434312,1.7279761734373074
2021-07-15,1.7614089532661457,1.7220740816979652
2021-07-16,1.7480404675830132,1.7085666592155062
2021-07-19,1.7395044128064605,1.6833349468582106
2021-07-20,1.7518240494692432,1.7074579264007521
2021-07-21,1.7650425992875793,1.7212819642762385
2021-07-22,1.7745353956309602,1.724886825435371
2021-07-23,1.785147436119261,1.742632211209871
2021-07-26,1.7845286979233599,1.746910056977263
2021-07-27,1.7761288244240532,1.7389482283657682
2021-07-28,1.7751058820951005,1.7382352326290118
2021-07-29,1.7791008633198238,1.7454445689878382
2021-07-30,1.774593025604757,1.736967741831732
2021-08-02,1.7747949692434493,1.7333236414629798
2021-08-03,1.7841162037976181,1.7474246695624351
2021-08-04,1.783743881743842,1.738829352858593
2021-08-05,1.7927931716768468,1.7498411616092584
2021-08-06,1.7906143909775412,1.7527327697253423
2021-08-09,1.7882614134898367,1.751306906904976
2021-08-10,1.7831615162116068,1.7534852619780106
2021-08-11,1.7837966370364462,1.7578426153898117
2021-08-12,1.7954456538277548,1.7631107044242218
2021-08-13,1.8031153629113272,1.7663194425459179
2021-08-16,1.8086817398171677,1.770478541459281
2021-08-17,1.7957396998261788,1.7588726124790341
2021-08-18,1.7753355203094594,1.7396217275866124
2021-08-19,1.7959890538736123,1.7423153385105512
2021-08-20,1.8194646821565175,1.7561787442488033
2021-08-23,1.8349770868549973,1.7716271567493864
2021-08-24,1.8325074493208637,1.7744395145273537
2021-08-25,1.8329917956254238,1.7781628652342225
2021-08-26,1.823937087201407,1.7676657977218757
2021-08-27,1.8351199339010327,1.7834705794376906
2021-08-30,1.8498078474035309,1.7913135325420106
2021-08-31,1.8432825661473493,1.7886596754402766
2021-09-01,1.845035420070947,1.7896104221913827
2021-09-02,1.8478920897908553,1.7951160049338497
2021-09-03,1.8514599852041336,1.7946805140336475
2021-09-07,1.8511347198874417,1.7882635524028403
2021-09-08,1.8460406529257452,1.7860850686766592
2021-09-09,1.8377954375494003,1.7784404987239233
2021-09-10,1.8264437893297467,1.764418077696853
2021-09-13,1.828209090320986,1.7689336744785944
2021-09-14,1.8267352799613668,1.7593877396767925
2021-09-15,1.8381742095523605,1.7740830166589758
2021-09-16,1.8365992385749708,1.7712706588810085
2021-09-17,1.8194067060676002,1.754016728125348
2021-09-20,1.7866687342755,1.7247700083785373
2021-09-21,1.7908215437981116,1.7231404876275889
2021-09-22,1.8207499239103293,1.7399497931096604
2021-09-23,1.8359420249030158,1.7610899494553967
2021-09-24,1.8332194698415551,1.763991077904306
2021-09-27,1.8208854243266834,1.7589442722815203
2021-09-28,1.781185202582977,1.7234980147211376
2021-09-29,1.7827500692487266,1.7263991431700472
2021-09-30,1.772927474734174,1.7052983546870768
2021-10-01,1.7893333171113097,1.72556469886319
2021-10-04,1.7601236625202314,1.7033114354957262
2021-10-05,1.7806233440811197,1.7210344356227714
2021-10-06,1.7892428637809445,1.7281869072909364
2021-10-07,1.7969667856865494,1.743128683701417
2021-10-08,1.7942959903929292,1.7399497931096608
2021-10-11,1.7907214854986913,1.7273528489435181
2021-10-12,1.7867892599489161,1.7231006051522386
2021-10-13,1.7908030479290082,1.7292996283532256
2021-10-14,1.810218932079427,1.758387847423803
2021-10-15,1.8157055671348843,1.7717790961151594
2021-10-18,1.8236739960275534,1.7770247995021144
2021-10-19,1.8307406781654114,1.7907340787711072
2021-10-20,1.8311897847677938,1.797767546278951
2021-10-21,1.8381807531134633,1.802456696155042
2021-10-22,1.8356626604801858,1.800589038430305
2021-10-25,1.8393180818454438,1.8102452289784798
2021-10-26,1.8514815485637115,1.811874621076282
2021-10-27,1.8566411783448364,1.803847308013324
2021-10-28,1.8712031785217242,1.821252920828464
2021-10-29,1.8759405720641682,1.8249480964962945
2021-11-01,1.8751253703694577,1.8280874905721385
2021-11-02,1.8862943051025176,1.8354787424798233
2021-11-03,1.8947043157743895,1.846684302868806
2021-11-04,1.9107436375844524,1.8553869162966565
2021-11-05,1.9134912953201613,1.8618247197371636
2021-11-08,1.9169071795061272,1.8634143580127611
2021-11-09,1.914079076384166,1.8572549599808326
2021-11-10,1.8961763168042343,1.842313183570352
2021-11-11,1.9006533777778727,1.8429094909034203
2021-11-12,1.9136507488540666,1.856818053896021
2021-11-15,1.9122676142046082,1.8574534717855626
2021-11-16,1.9204622409347283,1.864804969871043
2021-11-17,1.9209981613797134,1.8602748352837704
2021-11-18,1.939579015288233,1.8665933772576635
2021-11-19,1.9476729581058267,1.8632549567645038
2021-11-22,1.9412817668336984,1.8580100252964267
2021-11-23,1.9406738908942454,1.8604733470885009
2021-11-24,1.9462295659709967,1.8654407737200236
2021-11-26,1.917103517161819,1.8238352467808587
2021-11-29,1.946497046933834,1.8462076429617902
2021-11-30,1.9386989368246117,1.8102851114538305
2021-12-01,1.927243905396734,1.7901777825665355
2021-12-02,1.9351488967424118,1.8175968557171065
2021-12-03,1.915267936173592,1.8017810098307105
2021-12-06,1.9278210672583918,1.823120192593762
2021-12-07,1.9564538228265962,1.860831131488342
2021-12-08,1.9599579136384355,1.8657586756445141
2021-12-09,1.9525182841302375,1.8531617314783715
2021-12-10,1.966336647602107,1.870606583503131
2021-12-13,1.9478755628222704,1.8540365728731645
2021-12-14,1.9388102045574676,1.8412798414993259
2021-12-15,1.9624078399134148,1.8700502872985594
2021-12-16,1.9440419240347633,1.853559269700417
2021-12-17,1.9366939123745466,1.833832110860418
2021-12-20,1.9288946152373665,1.814332153476773
2021-12-21,1.950384645834963,1.8465528193532947
2021-12-22,1.9588949063449035,1.8650157037246715
2021-12-23,1.962348053646803,1.8766202175203093
2021-12-27,1.9770273858870304,1.9031786011221792
2021-12-28,1.9736648361369586,1.901622927277203
2021-12-29,1.973676105490711,1.9040558869267517
2021-12-30,1.9692031190162544,1.8987920434461694
2021-12-31,1.965729023101985,1.8940067896697974
2022-01-03,1.9728955726522022,1.9049727979003823
2022-01-04,1.9652401626111555,1.904334935601061
2022-01-05,1.9427252479771093,1.867767465870734
2022-01-06,1.9396237241630148,1.8660128942615886
2022-01-07,1.9346629100057304,1.8586359228531422
2022-01-10,1.9352359205992782,1.8563228679359385
2022-01-11,1.944088471782489,1.8732308503812165
2022-01-12,1.9495852955269573,1.8782951528318979
2022-01-13,1.9281073567933358,1.8524147713109926
2022-01-14,1.9375087565290512,1.8531722810363667
2022-01-18,1.913876941327253,1.820353506682728
2022-01-19,1.8943917380767659,1.8014517864293456
2022-01-20,1.8753953479308707,1.781513250469987
2022-01-21,1.8488837911723572,1.746540822447402
2022-01-24,1.8494950296306742,1.7539580622906379
2022-01-25,1.822670221351915,1.7325437460901512
2022-01-26,1.8266020132875018,1.728197328195785
2022-01-27,1.8178166128223432,1.719663507695871
2022-01-28,1.8474400599724397,1.762372106711353
2022-01-31,1.858036440847677,1.7941145688431033
2022-02-01,1.8596373736489054,1.8062369115525705
2022-02-02,1.8631285722089002,1.8237831422566086
2022-02-03,1.860493714673997,1.7809150133397234
2022-02-04,1.8602385199146707,1.7892891752850875
2022-02-07,1.8595960929886768,1.7835468707534412
2022-02-08,1.8623411954976397,1.7982218205385099
2022-02-09,1.8635913253306553,1.8245407806351284
2022-02-10,1.8601487016458624,1.7917616314505482
2022-02-11,1.8572124378994386,1.7564301324966591
2022-02-14,1.8573629613501574,1.7506879566181592
2022-02-15,1.8623997232076521,1.7789214041847654
2022-02-16,1.862147128401807,1.7809150133397234
2022-02-17,1.8590589143181657,1.742872149327707
2022-02-18,1.8566983421287662,1.7315868239880225
2022-02-22,1.8524327929748299,1.7130040348843008
2022-02-23,1.84231542533504,1.6826175769144796
2022-02-24,1.8536465880601332,1.7079398610867653
2022-02-25,1.8584768200366026,1.7456237828206236
2022-02-28,1.8589411211925977,1.7411577175002049
2022-03-01,1.855073681906426,1.7146393450268322
2022-03-02,1.8634173382253174,1.746182266128682
2022-03-03,1.8629124088532611,1.7374889157273647
2022-03-04,1.859293896493288,1.723372320597208
2022-03-07,1.8491950557104702,1.6725684796575255
2022-03-08,1.844589225511402,1.6598877822931462
2022-03-09,1.861020932477559,1.704390449433685
2022-03-10,1.8563700803006782,1.6966945468755779
2022-03-11,1.8507391932604143,1.675121215386273
2022-03-14,1.8461601170963133,1.6628785819850214
2022-03-15,1.8542208840618875,1.6994461803684948
2022-03-16,1.8557196742694881,1.7371298447960608
2022-03-17,1.8556923515320958,1.758863092146208
2022-03-18,1.8556923515320958,1.7781272283126979
2022-03-21,1.8556923515320958,1.7776077269079662
2022-03-22,1.8556923515320958,1.7984078529880496
2022-03-23,1.8556923515320958,1.7752473276329266
2022-03-24,1.8556923515320958,1.8020079539807692
2022-03-25,1.8556923515320958,1.8108080864935099
2022-03-28,1.8556923515320958,1.8236887108472288
2022-03-29,1.8556923515320958,1.8462491979280407
2022-03-30,1.8556923515320958,1.83484885667557
2022-03-31,1.8556923515320958,1.8066082045327714
2022-04-01,1.8556923515320958,1.8117283424489443
2022-04-04,1.8556923515320958,1.827248672058305
2022-04-05,1.8556923515320958,1.8041680403070302
2022-04-06,1.8556923515320958,1.78612765286808
2022-04-07,1.8556923515320958,1.7951279696764528
2022-04-08,1.8470570471682914,1.7903279207882572
2022-04-11,1.832007833200167,1.7597269980235652
2022-04-12,1.832835295097411,1.7532069852225771
2022-04-13,1.8476121474894378,1.7732872969491507
2022-04-14,1.8326929505148757,1.751206686104012
2022-04-18,1.8335253845251216,1.7519267577638147
2022-04-19,1.8472919713694973,1.7802074210351106
2022-04-20,1.845447918494638,1.778887182447851
2022-04-21,1.8403435487552147,1.7522867292671431
2022-04-22,1.8222362919166273,1.7042054462093152
2022-04-25,1.828321142043131,1.714085750538333
2022-04-26,1.8097829328950688,1.6644444194285548
2022-04-27,1.8115000633479357,1.6691245635844052
2022-04-28,1.818655195467411,1.7112857434624098
2022-04-29,1.8160504377180724,1.6480437163391102
2022-05-02,1.8180266544642325,1.6579642891029176
2022-05-03,1.818947704967567,1.6655644737201825
2022-05-04,1.8231073108663751,1.7162857193399448
2022-05-05,1.8230485353745272,1.6552841867593395
2022-05-06,1.8226215794371774,1.6454037537771757
2022-05-09,1.8150026174064455,1.592722606126784
2022-05-10,1.8177639054187593,1.5964027293764982
2022-05-11,1.8118400494671856,1.571042106566617
2022-05-12,1.8090858094656856,1.569401907604526
2022-05-13,1.8146690543182487,1.6069228258020312
2022-05-16,1.8140877756734897,1.6004028130010433
2022-05-17,1.818177129124293,1.6333238666059846
2022-05-18,1.8180979235868182,1.5674817593961015
2022-05-19,1.8168339558135351,1.5578815329665638
2022-05-20,1.8168067047428766,1.5585614648447228
2022-05-23,1.8210394130000978,1.587722372942956
2022-05-24,1.820953470874363,1.5756023459901218
2022-05-25,1.8221614717250438,1.5895222304595966
2022-05-26,1.823116222340325,1.6212832186444133
2022-05-27,1.823095363811301,1.661084256553671
2022-05-31,1.823095363811301,1.6517639793704673
2022-06-01,1.823095363811301,1.6384036074342212
2022-06-02,1.823095363811301,1.669604568473224
2022-06-03,1.823095363811301,1.6422037640694267
2022-06-06,1.823095363811301,1.6472041259064008
2022-06-07,1.823095363811301,1.6630041474558028
2022-06-08,1.823095363811301,1.6449240061946482
2022-06-09,1.823095363811301,1.6058027715104033
2022-06-10,1.823095363811301,1.5592415253760283
2022-06-13,1.8139259157815002,1.5000398503120635
2022-06-14,1.8154880720033846,1.4955200079764943
2022-06-15,1.8232251797404702,1.5168406646864794
2022-06-16,1.8166393432758876,1.4666390491245949
2022-06-17,1.8193495174950511,1.469800828847894
2022-06-21,1.8269646816480747,1.506801087762351
2022-06-22,1.8267337690627685,1.5040692668539632
2022-06-23,1.8274616058568307,1.5188127887660063
2022-06-24,1.8274244603271832,1.567101975308244
2022-06-27,1.8274244603271832,1.5611161303706649
2022-06-28,1.8274244603271832,1.5292179979318998
2022-06-29,1.8274244603271832,1.5279725068226362
2022-06-30,1.8257672144609673,1.5155587647368147
2022-07-01,1.8234819152804402,1.5315881748460571
2022-07-05,1.8250479367720103,1.5344808121873112
2022-07-06,1.8256193425169205,1.5396630895731436
2022-07-07,1.8278418598527717,1.562722879514719
2022-07-08,1.827818745511653,1.5614375059301047
2022-07-11,1.827818745511653,1.543600133156005
2022-07-12,1.8275832949057902,1.529941285920359
2022-07-13,1.8278338926851825,1.521906510974916
2022-07-14,1.8278108750443285,1.518210306081915
2022-07-15,1.8278108750443285,1.5472159298325723
2022-07-18,1.8278108750443285,1.5344404150993747
2022-07-19,1.8278108750443285,1.5758996634112041
2022-07-20,1.8278108750443285,1.585943357236014
2022-07-21,1.8278108750443285,1.602093315343333
2022-07-22,1.8278108750443285,1.5872288594737745
2022-07-25,1.8278108750443285,1.5891572414835617
2022-07-26,1.8278108750443285,1.5703558706842882
2022-07-27,1.8323164896131532,1.6111326140550328
2022-07-28,1.8322824681572594,1.631340035090144
2022-07-29,1.8322824681572594,1.6551227270607403
2022-08-01,1.8322824681572594,1.650221428146412
2022-08-02,1.8322824681572594,1.6393345416007974
2022-08-03,1.8322824681572594,1.6650056044526838
2022-08-04,1.8322824681572594,1.663880789994643
2022-08-05,1.8309844740477716,1.6610686895229685
2022-08-08,1.8289911690795388,1.659140178860035
2022-08-09,1.8291992541814979,1.6525519798915116
2022-08-10,1.8424954362517183,1.6872618268425124
2022-08-11,1.8402756367597446,1.6872618268425124
2022-08-12,1.8488365827289295,1.7158253983825067
2022-08-15,1.854722040936908,1.7228963039559217
2022-08-16,1.8525519539717747,1.7262711332894825
2022-08-17,1.8488931655896736,1.7140178216770887
2022-08-18,1.847279436914457,1.7189994001547038
2022-08-19,1.8231204322309964,1.6958993417783386
2022-08-22,1.7930698070763573,1.6605864975306621
2022-08-23,1.7911027149124117,1.6565690457313675
2022-08-24,1.7928351780105907,1.6618719997684228
2022-08-25,1.8140599858520572,1.6853335734858714
2022-08-26,1.7718736767937657,1.6282865813160237
2022-08-29,1.750832598538924,1.6175202427684854
2022-08-30,1.7304724817496793,1.599763278210819
2022-08-31,1.71809723304902,1.587590503468005
2022-09-01,1.7161417748256365,1.5925720819456202
2022-09-02,1.6982044665649163,1.5757793727194205
2022-09-06,1.688460299128692,1.5698339248697775
2022-09-07,1.706087779205182,1.5980358524155416
2022-09-08,1.7067402867049575,1.6084809440567858
2022-09-09,1.7239886912840563,1.6334692446612946
2022-09-12,1.7345325590868041,1.6510251243513048
2022-09-13,1.7097208097972616,1.5792344816162678
2022-09-14,1.7133529674500623,1.5852605949886367
2022-09-15,1.7016188282772888,1.5672626630879634
2022-09-16,1.6968522531536743,1.555306282937214
2022-09-19,1.705137914212223,1.5673673867490456
2022-09-20,1.7027655858972928,1.549376402118272
2022-09-21,1.6938649649626232,1.5223494637576027
2022-09-22,1.692684591199859,1.5095618556286536
2022-09-23,1.687772802488717,1.4842694189863077
2022-09-26,1.68611715092357,1.4695859780935834
2022-09-27,1.6875679234245875,1.4658347096539692
2022-09-28,1.6901193770649723,1.4946769439088343
2022-09-29,1.67915897074234,1.4634544977944006
2022-09-30,1.6707499459766706,1.4408241520551517
2022-10-03,1.681615231179567,1.4788637997385103
2022-10-04,1.6855824131541892,1.5246888925697961
2022-10-05,1.6857802884983415,1.521139094957277
2022-10-06,1.6857257770308267,1.5054471420507611
2022-10-07,1.6857257770308267,1.4634544977944004
2022-10-10,1.6816267627286374,1.4522804574262593
2022-10-11,1.679049618997095,1.4430834299572044
2022-10-12,1.6782039642557691,1.4383232635443597
2022-10-13,1.6859820830229029,1.4762819883987002
2022-10-14,1.6858658378806595,1.4426397052556397
2022-10-17,1.693449220933795,1.4797111093599964
2022-10-18,1.6933440336950185,1.4970971668968998
2022-10-19,1.6933440336950185,1.4864880424941318
2022-10-20,1.6933440336950185,1.4740232251092322
2022-10-21,1.6933440336950185,1.5098442492847666
2022-10-24,1.6933440336950185,1.528319355705041
2022-10-25,1.6933440336950185,1.5527246002505497
2022-10-26,1.6933440336950185,1.5410260410049716
2022-10-27,1.6933440336950185,1.5327972571149187
2022-10-28,1.6954719744070994,1.5692630908596739
2022-10-31,1.69544304188618,1.55792810540552
2022-11-01,1.69544304188618,1.5511107751834488
2022-11-02,1.69544304188618,1.51218367809696
2022-11-03,1.6940018864129913,1.4966130451073987
2022-11-04,1.6954295572174476,1.5181542133101302
2022-11-07,1.6972576731624316,1.5326760658511103
2022-11-08,1.697631033924558,1.5409453754822455
2022-11-09,1.6975825358023053,1.5091987964498137
2022-11-10,1.701629285100839,1.5921354331670996
2022-11-11,1.7016063609393746,1.6075448637643557
2022-11-14,1.7016063609393746,1.5938698062322767
2022-11-15,1.7016063609393746,1.6074641982416296
2022-11-16,1.7016063609393746,1.5952014949495563
2022-11-17,1.7016063609393746,1.5903202659260498
2022-11-18,1.7016063609393746,1.5975407951086038
2022-11-21,1.7016063609393746,1.5917321055534703
2022-11-22,1.7016063609393746,1.61315221114554
2022-11-23,1.7016063609393746,1.623317482193597
2022-11-25,1.7016063609393746,1.622954551667904
2022-11-28,1.6890228122009405,1.5970568019722493
2022-11-29,1.684007859263125,1.5943139168932805
2022-11-30,1.7079275798447715,1.6445357309991329
2022-12-01,1.7093857121374982,1.6433257481582462
2022-12-02,1.7068351067153482,1.6414297867413248
2022-12-05,1.6985215511952505,1.611901573910425
2022-12-06,1.68929989346105,1.588666429730452
2022-12-07,1.689787385181529,1.5859639417394191
2022-12-08,1.699483634159993,1.598387976076944
2022-12-09,1.6954630037897795,1.5864478062226275
2022-12-12,1.7091022582263389,1.6093200198769073
2022-12-13,1.71408806184945,1.621502186299401
2022-12-14,1.7101407239926016,1.6111351871179567
2022-12-15,1.7003781119934076,1.5717240968951134
2022-12-16,1.6904872972105056,1.5531681962989667
2022-12-19,1.6829489489810592,1.5399979737129421
2022-12-20,1.6836344407543444,1.5421050549429305
2022-12-21,1.696420662198161,1.5651634296998966
2022-12-22,1.6835553351931716,1.5428342609761199
2022-12-23,1.683103963870232,1.5517092696200032
2022-12-27,1.6697138107466125,1.545590011369718
2022-12-28,1.66039567293146,1.526381582015573
2022-12-29,1.6769572629449585,1.5538571338973663
2022-12-30,1.676467598446456,1.5497640340480514
2023-01-03,1.6707540773283511,1.5432397756932357
2023-01-04,1.676910745774651,1.5551537003057083
2023-01-05,1.6708807328455204,1.537404197630527
2023-01-06,1.678471429738927,1.572660177187542
2023-01-09,1.6832965874755887,1.5717686108837308
2023-01-10,1.6870290831837007,1.5827910978455386
2023-01-11,1.6930400388311475,1.6028101706744766
2023-01-12,1.696512850053763,1.6086456200840389
2023-01-13,1.6994159071257027,1.614886198251278
2023-01-17,1.702565881609119,1.6119280764585608
2023-01-18,1.6962564202554646,1.586478811630884
2023-01-19,1.6912903103636376,1.574929490035006
2023-01-20,1.7011568162261492,1.6042688400471474
2023-01-23,1.7097522781463952,1.6235180524486674
2023-01-24,1.7097024864717878,1.6217754455821274
2023-01-25,1.7100498407615854,1.6223833316983622
2023-01-26,1.7156814758540426,1.6402138858557083
2023-01-27,1.7190622126783337,1.6439827797763646
2023-01-30,1.710026787188364,1.6233559494843381
2023-01-31,1.7163227909548537,1.6472244531035118
2023-02-01,1.7253967360158864,1.6647309299853454
2023-02-02,1.7328150937851239,1.6889644225805527
2023-02-03,1.7274198331880193,1.6710122911999599
2023-02-06,1.7213229803299486,1.6608001904066525
2023-02-07,1.7415790827352808,1.6825210870547553
2023-02-08,1.737787559907251,1.6641234298285492
2023-02-09,1.7277551647367828,1.6496963946563874
2023-02-10,1.7258644459141819,1.653546211406062
2023-02-13,1.7497418379317682,1.6729572694656187
2023-02-14,1.7518251609040099,1.672187537691347
2023-02-15,1.7574009325886275,1.67761760103694
2023-02-16,1.74057192220861,1.654518957845184
2023-02-17,1.7312218378344295,1.6503857182142256
2023-02-21,1.7103990704321463,1.617277216975135
2023-02-22,1.7100775290640788,1.615048301215607
2023-02-23,1.7245280174321906,1.6236393723656213
2023-02-24,1.7092446169863353,1.6062951271012633
2023-02-27,1.715139346828852,1.6117659734942311
2023-02-28,1.7109390477464494,1.605809075514568
2023-03-01,1.698708341594295,1.599649420176347
2023-03-02,1.7129456618108279,1.612090308076036
2023-03-03,1.7365995294178287,1.6379447016613902
2023-03-06,1.7405062545560606,1.6390792937585492
2023-03-07,1.7306173070549526,1.6139542348595308
2023-03-08,1.7350939175969295,1.6165881507235895
2023-03-09,1.7236231743975805,1.58676249181846
2023-03-10,1.7104235922605433,1.5638666059852622
2023-03-13,1.716064014760558,1.5616374329194416
2023-03-14,1.733630085517093,1.5874515580700057
2023-03-15,1.7360228008591136,1.5775232661174208
2023-03-16,1.7560646107148292,1.6052010607451868
2023-03-17,1.7544168002930365,1.5864318532324864
2023-03-20,1.7560869039571927,1.601686256788459
2023-03-21,1.763846578338197,1.6227174439192846
2023-03-22,1.7576116552492491,1.5950558595879514
2023-03-23,1.7663236063969348,1.5993676697859645
2023-03-24,1.7697978453448617,1.6098629361542631
2023-03-27,1.7640066502124743,1.6128731624712291
2023-03-28,1.761335267778444,1.609252734281395
2023-03-29,1.7751619136982901,1.6326430341557971
2023-03-30,1.7828695215415382,1.642202606191106
2023-03-31,1.7947538811702095,1.665348722393844
2023-04-03,1.797900658131094,1.67169492479419
2023-04-04,1.7930760506234174,1.6624199335184813
2023-04-05,1.784934534552619,1.6580672116199469
2023-04-06,1.7928742440411214,1.6645353772029787
2023-04-10,1.7906378036001214,1.6662436336794584
2023-04-11,1.7826551304793392,1.666691217975412
2023-04-12,1.7767214952339303,1.6598978172385512
2023-04-13,1.7923951817519819,1.6819457501845312
2023-04-14,1.790696029376406,1.6778369546513683
2023-04-17,1.7956952209921266,1.6838575359384464
2023-04-18,1.8019964152306491,1.6849559765014968
2023-04-19,1.8054784100246657,1.68467126708875
2023-04-20,1.7944871708434078,1.6754779705609377
2023-04-21,1.7923224018265191,1.6767795544419852
2023-04-24,1.7896543366271613,1.6785287226189862
2023-04-25,1.7709038964126405,1.6518841414091
2023-04-26,1.7922503414118531,1.6448873400479498
2023-04-27,1.816593027005999,1.6776338113333713
2023-04-28,1.8257862626487054,1.691952777862647
2023-05-01,1.8307848264204298,1.690244392733021
2023-05-02,1.8213308326540467,1.6712473404982355
2023-05-03,1.814572961431189,1.6597757254027188
2023-05-04,1.8086882808315374,1.6480196582007478
2023-05-05,1.8345948349402845,1.6785287226189864
2023-05-08,1.8358762356393192,1.6789760496086477
2023-05-09,1.8289419050595044,1.6716133586994397
2023-05-10,1.836631371564236,1.6794233765983089
2023-05-11,1.8336955461135824,1.676494845029239
2023-05-12,1.8303260417386362,1.6742979639031381
2023-05-15,1.8341492614282393,1.680074876131137
2023-05-16,1.8342094347220763,1.6688470587478454
2023-05-17,1.8449338217983429,1.6891052977757424
2023-05-18,1.85984520809487,1.7053767044531623
2023-05-19,1.857708548468042,1.7028953712206072
2023-05-22,1.857677461853743,1.7035866245756401
2023-05-23,1.8454191904153174,1.6844674805050224
2023-05-24,1.8414483834674673,1.6722640863133904
2023-05-25,1.8687279592900359,1.6867459277258732
2023-05-26,1.8833307733465934,1.7085903313944175
2023-05-30,1.8863806765636153,1.7092411876615143
2023-05-31,1.8791388602958685,1.6997629244146626
2023-06-01,1.8922754350389672,1.715912625215689
2023-06-02,1.9003603646358478,1.7407268581132633
2023-06-05,1.8968932120356479,1.7373910106830295
2023-06-06,1.8947208641460977,1.7411739277966318
2023-06-07,1.8822669519610575,1.7351536038158462
2023-06-08,1.8930715413129384,1.7456487415309982
2023-06-09,1.8959947067528415,1.7487808023775038
2023-06-12,1.9095954485682494,1.7646456651126374
2023-06-13,1.915101616170611,1.7762798977850687
2023-06-14,1.9213870441449858,1.7783952128164198
2023-06-15,1.936748791473997,1.8004430171092538
2023-06-16,1.9299625865930636,1.7943102502786081
2023-06-20,1.9269079256507824,1.7850011659191318
2023-06-21,1.9193288196856737,1.775855471055448
2023-06-22,1.9306705165574976,1.7822656140695015
2023-06-23,1.922927819292002,1.7687913840987861
2023-06-26,1.9104008285542613,1.7615648082183564
2023-06-27,1.9278461197070607,1.7808771893147062
2023-06-28,1.929167816759483,1.7817757028884174
2023-06-29,1.930381533256323,1.7887983635319724
2023-06-30,1.951947989269892,1.8099072571631594
2023-07-03,1.9487995114999752,1.811989508335913
2023-07-05,1.9458480384855337,1.8092949968399503
2023-07-06,1.943968431640056,1.7951269404512764
2023-07-07,1.9393432589002155,1.7905946187605166
2023-07-10,1.9324060276388386,1.7951269404512764
2023-07-11,1.935859958608568,1.8065594449903202
2023-07-12,1.9510713219777458,1.8210946774585146
2023-07-13,1.9664345064930135,1.8355487297913982
2023-07-14,1.9664029884251093,1.834405260627145
2023-07-17,1.9777174818313794,1.840774620593824
2023-07-18,1.993168947711231,1.8544527658014138
2023-07-19,1.9929080218108939,1.8585766137526927
2023-07-20,1.9762443226742619,1.8462459815993768
2023-07-21,1.968606332387625,1.8462459815993768
2023-07-24,1.9745273052541614,1.8544935488487886
2023-07-25,1.9851787120345352,1.8595566934211534
2023-07-26,1.9789203923892558,1.8598421747527778
2023-07-27,1.9699939944634286,1.847511542599462
2023-07-28,1.9924419837243836,1.865599403049394
2023-07-31,1.9935277499354607,1.8691515164185466
2023-08-01,1.9892579388028615,1.8638028905145572
2023-08-02,1.9641693254273664,1.837875936554694
2023-08-03,1.9594708198998705,1.8326086194391618
2023-08-04,1.947432466551031,1.824320269142375
2023-08-07,1.9486553764959806,1.8402437977122184
2023-08-08,1.9423298560283868,1.8322414433596412
2023-08-09,1.9245818995065151,1.819992248647929
2023-08-10,1.923267308924781,1.8206456779779518
2023-08-11,1.9112137298793925,1.8195840322147412
2023-08-14,1.9347881489875338,1.82962811199899
2023-08-15,1.922776821228657,1.808315045824636
2023-08-16,1.9128921906717595,1.795045374356527
2023-08-17,1.8970150663558956,1.7813673578020834
2023-08-18,1.8979093739811193,1.7822247023689808
2023-08-21,1.919562107805277,1.793820339097524
2023-08-22,1.9169748705984633,1.7889614957214726
2023-08-23,1.936120256714904,1.8088866517536164
2023-08-24,1.9191270131520506,1.7838171710137964
2023-08-25,1.9267504267860478,1.7963926301045081
2023-08-28,1.9334656741892566,1.8077842229430308
2023-08-29,1.9510438681161286,1.8339154780992077
2023-08-30,1.9577223780547868,1.841468832971222
2023-08-31,1.9561856530501078,1.8387739355158206
2023-09-01,1.95618735268073,1.8422036997428484
2023-09-05,1.9589813441401258,1.8342419997844999
2023-09-06,1.9524897862880988,1.8219114962843304
2023-09-07,1.9464646609097565,1.8163175288303601
2023-09-08,1.9498295160816475,1.8190532093331366
2023-09-11,1.9551921804660948,1.8310164081006395
2023-09-12,1.9467120541604972,1.820972328316391
2023-09-13,1.952587249954381,1.823095491189666
2023-09-14,1.9610775659759347,1.8388148472163424
2023-09-15,1.9449359882256338,1.816660132158939
2023-09-18,1.9447075593931678,1.8177256375165387
2023-09-19,1.9393826334054043,1.8139561003301508
2023-09-20,1.920493981474719,1.7972794362419078
2023-09-21,1.8997294918689798,1.7675735534159773
2023-09-22,1.8991991446109606,1.7635992004206908
2023-09-25,1.9064981809945274,1.7710152823856102
2023-09-26,1.8871506258093418,1.7449969846918787
2023-09-27,1.889326756770752,1.7456935128259097
2023-09-28,1.8968043556504348,1.7558138839259103
2023-09-29,1.8992080457764446,1.7515527630675365
2023-10-02,1.910513176819093,1.7508561062803594
2023-10-03,1.8974441109552351,1.727419233966999
2023-10-04,1.9061265504324154,1.7399981666926605
2023-10-05,1.9082626234686926,1.7393425502591509
2023-10-06,1.9139957082633594,1.759993310036388
2023-10-09,1.9121686658516202,1.771261267201323
2023-10-10,1.9140591966565528,1.780480294358394
2023-10-11,1.9175841325928593,1.7877737698748963
2023-10-12,1.9180605778558315,1.7768745326272375
2023-10-13,1.912852828240597,1.7680242253874425
2023-10-16,1.9151221906472125,1.7866264411162545
2023-10-17,1.9084545850455812,1.7865443604089195
2023-10-18,1.903027968602443,1.7627386395251368
2023-10-19,1.9021985063864482,1.7472504732023493
2023-10-20,1.8969493059256173,1.725780064230079
2023-10-23,1.9055854730572375,1.7227891358850569
2023-10-24,1.909257885083307,1.7357779575348085
2023-10-25,1.9038377093761534,1.7108656909397588
2023-10-26,1.89049279735432,1.6903785779646068
2023-10-27,1.8917241365974609,1.6827166398371212
2023-10-30,1.8968585996212453,1.7028346469355584
2023-10-31,1.8977559153951018,1.7135290683743185
2023-11-01,1.9026371329692895,1.7318033472332295
2023-11-02,1.9068196963026476,1.7649921280356067
2023-11-03,1.916016701856601,1.7810949990913827
2023-11-06,1.9236131455564383,1.7851924731476718
2023-11-07,1.9317061543095673,1.7902731145479325
2023-11-08,1.9370066414448401,1.7915842187618056
2023-11-09,1.9324934311950865,1.7776121011149362
2023-11-10,1.943783843509616,1.8053515205997768
2023-11-13,1.940301556679395,1.8036305274618138
2023-11-14,1.9444425807845818,1.8386221248031964
2023-11-15,1.9446148812965398,1.8425147830505868
2023-11-16,1.9515453110619716,1.8447686575204956
2023-11-17,1.9449263445893936,1.847062800425194
2023-11-20,1.956595613418377,1.8612810315409223
2023-11-21,1.9508852148033133,1.8572243405320081
2023-11-22,1.9475529145075423,1.864394823640654
2023-11-24,1.9348804989492547,1.8655420237461497
2023-11-27,1.9384680546074247,1.8621822468307054
2023-11-28,1.9414043090340756,1.8640262323765246
2023-11-29,1.9363166732776877,1.8627149995095054
2023-11-30,1.933434646824958,1.8700491294202364
2023-12-01,1.9394877236000214,1.881112399429419
2023-12-04,1.9181955018707924,1.871237627185692
2023-12-05,1.941612960436635,1.8708686499621234
2023-12-06,1.924802138905252,1.8633295755893478
2023-12-07,1.9443519984727393,1.8775475493987834
2023-12-08,1.957068219677716,1.8856193764503588
2023-12-11,1.9484982712100964,1.8929537636673823
2023-12-12,1.9615605337670081,1.9015993837514251
2023-12-13,1.979799019212095,1.9278226259072015
2023-12-14,1.9773918834373598,1.9340098130187293
2023-12-15,1.9838343822866995,1.9308252616885362
2023-12-18,1.9903491832163114,1.9416862889517459
2023-12-19,1.9957602413850237,1.953493431452795
2023-12-20,1.9764782683768067,1.9264235229412638
2023-12-21,1.9871511208407378,1.9446895679988117
2023-12-22,1.9866237195599017,1.9485979219300498
2023-12-26,1.9896279725858765,1.9568258052480785
2023-12-27,1.990768769287588,1.9603640240774314
2023-12-28,1.9933317493731462,1.9611044229343484
2023-12-29,1.9904891508160598,1.95542708824158
2024-01-02,1.9680483746083062,1.9444837229647427
2024-01-03,1.957307584373729,1.9286036791583463
2024-01-04,1.9478865278160775,1.922391661989584
2024-01-05,1.9504271355039589,1.9250246772816186
2024-01-08,1.9879655920222923,1.9525061472081415
2024-01-09,1.989852888496799,1.9495441658210355
2024-01-10,2.00496305157435,1.9605694831520615
2024-01-11,2.006846413794353,1.9597057059278495
2024-01-12,2.010782327942059,1.9610632539275343
2024-01-16,2.011891596502123,1.9538638238609725
2024-01-17,2.0047263493859107,1.9430029252509091
2024-01-18,2.028372441168731,1.9602815574106576
2024-01-19,2.0493096502442683,1.9847188365895934
2024-01-22,2.0515904521469275,1.988914987609089
2024-01-23,2.0580170936566744,1.9947158293222986
2024-01-24,2.0658657478650424,1.9968962428456742
2024-01-25,2.071743136658805,2.007757270108884
2024-01-26,2.0663044627323144,2.005206592830477
2024-01-29,2.079561453468467,2.021086507983727
2024-01-30,2.074443104780409,2.0195231149499735
2024-01-31,2.0492379221101653,1.9865702840178976
2024-02-01,2.0680054137575556,2.0125706989242946
2024-02-02,2.085651321795203,2.0337578136684273
2024-02-05,2.0900750396974317,2.0263524099146504
2024-02-06,2.091035789652321,2.0322355896414876
2024-02-07,2.1062289939514547,2.0491851270530184
2024-02-08,2.1037796592445015,2.0500902019371905
2024-02-09,2.118318643318036,2.061938770751346
2024-02-12,2.112244291054315,2.061033567214028
2024-02-13,2.0970465294032334,2.0326467650970406
2024-02-14,2.1055780290356663,2.051118783841804
2024-02-15,2.103209686501336,2.065270887240338
2024-02-16,2.093841006689687,2.054985968766229
2024-02-20,2.0815436291393743,2.043672468387506
2024-02-21,2.080450370208407,2.045523529856371
2024-02-22,2.1144365043914286,2.0878568476441157
2024-02-23,2.1103177025263755,2.089296605004282
2024-02-26,2.102575542788097,2.081644573169061
2024-02-27,2.107891394640528,2.0855118867466316
2024-02-28,2.106131203966091,2.082755621740448
2024-02-29,2.112250455542968,2.090242977548414
2024-03-01,2.1197167460984403,2.109866570605647
2024-03-04,2.1176394480459724,2.1076040763749364
2024-03-05,2.102236418956521,2.0865403399980984
2024-03-06,2.1055962431044652,2.0971131842136117
2024-03-07,2.123087816148811,2.1179302925090058
2024-03-08,2.115215992817747,2.1052180751237843
2024-03-11,2.1134159051240244,2.103407796702294
2024-03-12,2.130551602254803,2.1260349261128857
2024-03-13,2.128788693122404,2.1227020377050168
2024-03-14,2.132989864600174,2.1185060153386672
2024-03-15,2.1244041876231594,2.1039593327404527
2024-03-18,2.1283342016336526,2.116463389334972
2024-03-19,2.134327981496258,2.1282249886222333
2024-03-20,2.1419087061091706,2.1479091773113703
2024-03-21,2.1479082224446535,2.1550077433112387
2024-03-22,2.1502169328598786,2.150922233997555
2024-03-25,2.145947852250326,2.144979745170277
2024-03-26,2.1410593317503834,2.1410178715301806
2024-03-27,2.145083700329982,2.159010528651856
2024-03-28,2.1446144055925176,2.1585980666648403
2024-04-01,2.1459605276821097,2.1548425526713983
2024-04-02,2.139110538519561,2.1411417645100608
2024-04-03,2.139260189801056,2.1434939299837374
2024-04-04,2.12620936054225,2.117330125581548
2024-04-05,2.1466210909427113,2.139449461023721
2024-04-08,2.1446346945805455,2.1406461925905393
2024-04-09,2.1417056424333056,2.1431223796972425
2024-04-10,2.13985943278995,2.1216631635486998
2024-04-11,2.1594676574686065,2.137675076830046
2024-04-12,2.1425953363154826,2.10816860638087
2024-04-15,2.1218134028220637,2.081757144672067
2024-04-16,2.126470418061187,2.0779605903249574
2024-04-17,2.111804689191895,2.065662764723946
2024-04-18,2.1002068619766643,2.061412064770422
2024-04-19,2.068856032787819,2.043419407648747
2024-04-22,2.085180880479351,2.062237503357039
2024-04-23,2.107204178594305,2.086709261579181
2024-04-24,2.103909233105612,2.085719018312163
2024-04-25,2.0999287967215703,2.0777955283382634
2024-04-26,2.1173301903240977,2.097480360293132
2024-04-29,2.1160015882265677,2.1049082783475104
2024-04-30,2.096665052317415,2.071564084544411
2024-05-01,2.096767603817376,2.064837454790476
2024-05-02,2.1059633912838422,2.08415073645885
2024-05-03,2.1211117339467935,2.1099845455407973
2024-05-06,2.132122577077697,2.1317738856627284
2024-05-07,2.128763453396812,2.134126051136405
2024-05-08,2.1293169794714237,2.1343325394362056
2024-05-09,2.13095338051576,2.146630107730924
2024-05-10,2.134024151153691,2.149395249804202
2024-05-13,2.134037067215269,2.1496842047707765
2024-05-14,2.1388365072568627,2.1595472695781908
2024-05-15,2.15211785891206,2.1862888552603823
2024-05-16,2.1496648476552553,2.1817906266533904
2024-05-17,2.147455237437801,2.184926675747431
2024-05-20,2.1542528778264898,2.187444160514094
2024-05-21,2.163764232837527,2.1928092540208093
2024-05-22,2.1563401858419007,2.1864952149070365
2024-05-23,2.1465251079626784,2.1705244706325035
2024-05-24,2.1642598138294513,2.184885506740617
2024-05-28,2.1726017514542857,2.186412619587116
2024-05-29,2.1689189725628744,2.171102123259359
2024-05-30,2.1533421956787215,2.1566997894912854
2024-05-31,2.160874404010287,2.17634345243934
2024-06-03,2.170346406297138,2.178117579326722
2024-06-04,2.1755145377924467,2.180552468773465
2024-06-05,2.1991662029092813,2.206468358562747
2024-06-06,2.1947530481580584,2.2064271895559333
2024-06-07,2.1990394847793295,2.2037452860683073
2024-06-10,2.1974101302276274,2.2105538678764307
2024-06-11,2.216049757658688,2.2158775350700393
2024-06-12,2.2368065264302945,2.234076809144661
2024-06-13,2.2437700702380985,2.238575037751653
2024-06-14,2.245447108039721,2.2399372172646044
2024-06-17,2.258203881597948,2.2577641691338544
2024-06-18,2.2606594319732025,2.2635008129270635
2024-06-20,2.2504835000645915,2.257351964453131
2024-06-21,2.247246048779895,2.254325527839732
2024-06-24,2.23663807132196,2.2469977019331697
2024-06-25,2.2495705125147945,2.255650655246551
2024-06-26,2.255351647165759,2.258465586087444
2024-06-27,2.2558338134206317,2.262026190564252
2024-06-28,2.2432260138273508,2.2531246793722324
2024-07-01,2.259621714226598,2.257761853377221
2024-07-02,2.268935224269117,2.272956047260729
2024-07-03,2.2803521278643473,2.2830993186207698
2024-07-05,2.293227509226004,2.296264652387235
2024-07-08,2.296413826319348,2.298914392588288
2024-07-09,2.2951978637222235,2.3011501269645693
2024-07-10,2.315988049158398,2.3239207046332777
2024-07-11,2.288871852732279,2.303882462485542
2024-07-12,2.298256183217219,2.318414349971933
2024-07-15,2.3043711267110716,2.324790399902219
2024-07-16,2.3046389301730215,2.33857609914011
2024-07-17,2.277588955711725,2.3057870436632655
2024-07-18,2.271896992625316,2.2880671312117316
2024-07-19,2.256747654511402,2.272873194634516
2024-07-22,2.2795685912407215,2.2963065933129267
2024-07-23,2.2814969299549626,2.29270430521672
2024-07-24,2.2471782313053925,2.2407459309422033
2024-07-25,2.228052260962988,2.229070915222397
2024-07-26,2.2446756852356584,2.2540358009542807
2024-07-29,2.244562604483461,2.2553604137485146
2024-07-30,2.2274336309868445,2.243934213213639
2024-07-31,2.2558852929346895,2.2804081521066104
2024-08-01,2.2396843662294112,2.2481154404681645
2024-08-02,2.222817349774549,2.206259425853167
2024-08-05,2.181609495232633,2.142004898468541
2024-08-06,2.1882905980268186,2.161753156424532
2024-08-07,2.1848107556946528,2.147303735604915
2024-08-08,2.2099847565078643,2.1969439088363765
2024-08-09,2.216575422907429,2.206631490752247
2024-08-12,2.2209438439988394,2.207791170212933
2024-08-13,2.2333238166960516,2.2440996611597717
2024-08-14,2.2358032549333062,2.2511789291876956
2024-08-15,2.246197375007759,2.289764838130215
2024-08-16,2.2491255766188623,2.2948983559736025
2024-08-19,2.2545793996803516,2.3168409219927684
2024-08-20,2.2532857730097566,2.3130734432567213
2024-08-21,2.254887398113211,2.321022406553587
2024-08-22,2.2478406765439565,2.3028058929573616
2024-08-23,2.256723050271024,2.327273920238261
2024-08-26,2.2547944746434956,2.3217261392638098
2024-08-27,2.2572406464909864,2.324914164228953
2024-08-28,2.2518744041357466,2.3114174199576363
2024-08-29,2.2497661541552505,2.3116242942168754
2024-08-30,2.2534749715804687,2.333691139175361
2024-09-03,2.228350859270587,2.2856662061956095
2024-09-04,2.222133841201086,2.2809881204900995
2024-09-05,2.2252281631017277,2.275439824903063
2024-09-06,2.2074948724490855,2.237144157458581
2024-09-09,2.2238508587472885,2.262191638510385
2024-09-10,2.2307538088880423,2.2720451829849737
2024-09-11,2.2540234524809613,2.2953540454177723
2024-09-12,2.259079323033942,2.314688297548992
2024-09-13,2.2607679564730563,2.326777061787277
2024-09-16,2.249969220971474,2.3302136446310584
2024-09-17,2.2503943871108323,2.33116593521992
2024-09-18,2.257632176576694,2.324252115138129
2024-09-19,2.277568460882562,2.363913821689951
2024-09-20,2.274576052149922,2.359827283151097
2024-09-23,2.2738646801645506,2.36572448607088
2024-09-24,2.2799558192303606,2.372493700016238
2024-09-25,2.2799679180279404,2.367261119250205
2024-09-26,2.2829669290854393,2.3766463662722863
2024-09-27,2.2826648712255904,2.373199233870509
2024-09-30,2.2902564300336543,2.3827092744444944
2024-10-01,2.278284056865163,2.361363916330421
2024-10-02,2.2791414777794836,2.3623609782141926
2024-10-03,2.276953095461117,2.3580420920931333
2024-10-04,2.2839509446635926,2.379470302833419
2024-10-07,2.273159787682715,2.3579589821606275
2024-10-08,2.2924090640194263,2.380259461232781
2024-10-09,2.3017849120360023,2.396746104623949
2024-10-10,2.3025769649445493,2.392551754748501
2024-10-11,2.3050440717794722,2.4068788264259933
2024-10-14,2.3191060528256786,2.4265630151151303
2024-10-15,2.308996397001793,2.4077094111384616
2024-10-16,2.314922090576468,2.4181743153642348
2024-10-17,2.317166188596263,2.4183819615423516
2024-10-18,2.324928168538001,2.4276843559382204
2024-10-21,2.3334386896677315,2.4236973949345972
2024-10-22,2.332135007481648,2.4224100915527886
2024-10-23,2.315142125334086,2.400275832345646
2024-10-24,2.3174233649407383,2.4054669867985723
2024-10-25,2.319695048900689,2.4046361447798117
2024-10-28,2.3228514866154284,2.4120699808789197
2024-10-29,2.3253326958467624,2.4159735746437447
2024-10-30,2.3158477116308376,2.4086647894028337
2024-10-31,2.2924734908479905,2.361447283569218
2024-11-01,2.29320270440755,2.371413785506252
2024-11-04,2.288333909589879,2.366305740985831
2024-11-05,2.30916739512786,2.3949189726402946
2024-11-06,2.32887708161858,2.4544701983027375
2024-11-07,2.347196667204992,2.4734480812187254
2024-11-08,2.347302153880555,2.4841625725483074
2024-11-11,2.3410283886882377,2.4865295331338078
2024-11-12,2.343097202531645,2.4788054555366625
2024-11-13,2.342269383191185,2.4800096489859658
2024-11-14,2.3447513931763466,2.464063091502936
2024-11-15,2.328983059342265,2.4325013870417274
2024-11-18,2.332922762446905,2.4424684035913464
2024-11-19,2.3425829060865055,2.451396931944088
2024-11-20,2.34263827794377,2.4522272593502636
2024-11-21,2.3450765463131944,2.4653915638915587
2024-11-22,2.343535364653253,2.4730327888624912
2024-11-25,2.3435542587978,2.481421745919679
2024-11-26,2.351881810935794,2.494378404282857
2024-11-27,2.3452671245000443,2.4868200319381373
2024-11-29,2.3609284861616464,2.50226844443872
2024-12-02,2.3663976462519356,2.5067538077310827
2024-12-03,2.374177532479602,2.5079163175609875
2024-12-04,2.396188881545528,2.52348900900089
2024-12-05,2.4055180363046467,2.5193360854385487
2024-12-06,2.405466517423353,2.5241124621478264
2024-12-09,2.4095507284620328,2.5111141201652494
2024-12-10,2.3992582501735487,2.503306675329306
2024-12-11,2.42235512444317,2.522658681594714
2024-12-12,2.420159463644251,2.5096605969184296
2024-12-13,2.412861791968616,2.50916219462969
2024-12-16,2.4261465316631257,2.51987642865298
2024-12-17,2.429873383730419,2.5094941197471266
2024-12-18,2.3867940819666047,2.434702642374803
2024-12-19,2.3935842750018117,2.433954910288547
2024-12-20,2.4194436768281866,2.4631892793333137
2024-12-23,2.4306258659727136,2.477939362555818
2024-12-24,2.4450196233345154,2.50548194272683
2024-12-26,2.445079366762596,2.5056486772044257
2024-12-27,2.424812949317931,2.4792732383765843
2024-12-30,2.4067408478619297,2.4509800957500985
2024-12-31,2.391964031009297,2.4420636607931088
2025-01-02,2.3823757720835723,2.4360632780499984
2025-01-03,2.404302185562169,2.466522425047475
2025-01-06,2.422532469946155,2.4807313931366703
2025-01-07,2.397609225872409,2.4526888668391633
2025-01-08,2.402290717492634,2.4562721142697184
2025-01-10,2.375090949143306,2.418771265963035
2025-01-13,2.3653600772242873,2.422521505177479
2025-01-14,2.3601906077204045,2.4258546508916408
2025-01-15,2.3958934346442446,2.469981136232419
2025-01-16,2.3763176906140844,2.4652307474586923
2025-01-17,2.3898969799413723,2.489981811661437
2025-01-21,2.3857628563949933,2.51277374575243
2025-01-22,2.4073897194087026,2.526899346602827
2025-01-23,2.410020877426635,2.5406912211917403
2025-01-24,2.4013776593539236,2.5332741100016505
2025-01-27,2.3856040899308573,2.4974400918583406
2025-01-28,2.416209592589444,2.5188989220474443
2025-01-29,2.406947378801923,2.5076070353972986
2025-01-30,2.3972642106118323,2.5210656983373125
2025-01-31,2.3887186315911966,2.507648719016698
2025-02-03,2.3717120304729504,2.490773285817432
2025-02-04,2.3822650635877434,2.507482241845395
2025-02-05,2.3873252069380686,2.5176489280780605
2025-02-06,2.391367954855131,2.5263991431700394
2025-02-07,2.3842283697648883,2.5032737401238547
2025-02-10,2.3887289723963234,2.520273966875025
2025-02-11,2.389021958803054,2.5221906414485
2025-02-12,2.3873746629436123,2.5140656806475055
2025-02-13,2.394247342875853,2.5406078539529426
2025-02-14,2.394069792841444,2.5404825457884535
2025-02-18,2.3958003284239773,2.5479413405979425
2025-02-19,2.3972448727045688,2.5539414660347597
2025-02-20,2.3946868595517112,2.5433165172949974
2025-02-21,2.385543318990505,2.499815286245204
2025-02-24,2.3832137631031367,2.4884395177436756
2025-02-25,2.37879077192435,2.4760646289080346
2025-02-26,2.3709523695549866,2.4773143655711256
2025-02-27,2.3488054650929477,2.437771791832771
2025-02-28,2.371309391430186,2.475814269885348
2025-03-03,2.3515070289167466,2.432438347000044
2025-03-04,2.3424587983581113,2.4036460301659406
2025-03-05,2.3534346371724446,2.429479839247888
2025-03-06,2.3384064948595245,2.386353760772685
2025-03-07,2.3491103830414475,2.399729056473901
2025-03-10,2.3168749563861395,2.3358110857199774
2025-03-11,2.301090510405873,2.3163934663499597
2025-03-12,2.29829303660057,2.3286855025593876
2025-03-13,2.2837163269802465,2.297643042196618
2025-03-14,2.294067081949318,2.345102673251558
2025-03-17,2.294987155421359,2.3631866741071015
2025-03-18,2.29425590380117,2.337644135748362
2025-03-19,2.2965880275341095,2.363103049562011
2025-03-20,2.295973171701265,2.3562697663497993
2025-03-21,2.297883702675789,2.3570468313534096
2025-03-24,2.297834602119712,2.3992581859584687
2025-03-25,2.297834602119712,2.405025706506789
2025-03-26,2.297834602119712,2.376313926542265
2025-03-27,2.297834602119712,2.370002975104003
2025-03-28,2.296988256659887,2.3222752308921883
2025-03-31,2.2961710652834664,2.3378638753222307
2025-04-01,2.2986639626702643,2.344467384015163
2025-04-02,2.29858196285934,2.359303922151976
2025-04-03,2.29858196285934,2.243035442333634
2025-04-04,2.2825144281243315,2.111721620322046
2025-04-07,2.2814172834003243,2.107960316937021
2025-04-08,2.2757487097225106,2.0749436740443836
2025-04-09,2.294797906420218,2.2928530282538335
2025-04-10,2.29472226052335,2.192382382881407
2025-04-11,2.2966875111523346,2.231500658543287
2025-04-14,2.296650212976505,2.2531493807763194
2025-04-15,2.296650212976505,2.246838429338058
2025-04-16,2.296650212976505,2.1968957925596615
2025-04-17,2.296650212976505,2.2000302978159465
2025-04-21,2.296650212976505,2.147663707108242
2025-04-22,2.2993637644622726,2.2035409848719927
2025-04-23,2.300346830082931,2.2376857872044744
2025-04-24,2.300333490607467,2.284786733287549
2025-04-25,2.300333490607467,2.3012952477135866
2025-04-28,2.300333490607467,2.3021726621713055
2025-04-29,2.300333490607467,2.316674959434049
2025-04-30,2.300333490607467,2.3175943148174594
2025-05-01,2.300333490607467,2.3340189473921145
2025-05-02,2.300333490607467,2.3686657543014316
2025-05-05,2.300333490607467,2.355082812422099
2025-05-06,2.300333490607467,2.335398109120377
2025-05-07,2.300333490607467,2.3452197476146845
2025-05-08,2.300333490607467,2.361560498337956
2025-05-09,2.300333490607467,2.3585518158587457
2025-05-12,2.300333490607467,2.4364958099278353
2025-05-13,2.300333490607467,2.452586201628421
2025-05-14,2.300333490607467,2.4557207068847062
2025-05-15,2.3018483848019193,2.4677152970199043
2025-05-16,2.304019945679152,2.4833458823756387
2025-05-19,2.3127689868227432,2.4860622649064714
2025-05-20,2.3114460180039096,2.4777036699918087
2025-05-21,2.3008516402577732,2.4359521217316016
2025-05-22,2.305217462220862,2.436913675346996
2025-05-23,2.29660568889254,2.4202801100627616
2025-05-27,2.3319741294107983,2.470598928640919
2025-05-28,2.3197682414354786,2.4563058213940483
2025-05-29,2.337185098612185,2.4660016371112814
2025-05-30,2.329008807104689,2.46324357096105
2025-06-02,2.340804016094118,2.4771190700950534
2025-06-03,2.3547049116830805,2.4912446709454508
2025-06-04,2.3568938946134628,2.4905759318910192
2025-06-05,2.3532774363618425,2.4785394008301296
2025-06-06,2.3686478612454973,2.5039916246801717
2025-06-09,2.373815374602379,2.506248458172445
2025-06-10,2.3793697747848483,2.5204581981805183
2025-06-11,2.3766329988325885,2.5132695749782448
2025-06-12,2.390710459040625,2.523258205256441
2025-06-13,2.372349503742414,2.49504817256246
2025-06-16,2.3904200847761117,2.518786221891293
2025-06-17,2.3822042975252846,2.4972630651290424
2025-06-18,2.3875107050786064,2.496886626022989
2025-06-20,2.3842166863113157,2.491022872921242
2025-06-23,2.399484294240164,2.5156277871497976
2025-06-24,2.4164604563726644,2.5434184105868627
2025-06-25,2.428876975819542,2.5448436301414974
2025-06-26,2.4416481171284814,2.5647539910618176
2025-06-27,2.4470183514281847,2.577496570589564
2025-06-30,2.4523616155338748,2.589819998166688
2025-07-01,2.4391965913665183,2.5889819515717347
2025-07-02,2.4471003298999117,2.600718720801762
2025-07-03,2.463365113622481,2.6212159973754714
2025-07-07,2.455883414557679,2.6016823328674974
2025-07-08,2.457066711050694,2.6002576279254477
2025-07-09,2.4719444476826613,2.6158503892561713
2025-07-10,2.4735929775652834,2.6232276179709104
2025-07-11,2.474325824617651,2.614006275057206
2025-07-14,2.4740187222536156,2.6189941575389897
2025-07-15,2.4834872821259055,2.6078023630366602
2025-07-16,2.4867375825816636,2.6165209294546514
2025-07-17,2.500551035209825,2.632533100042291
2025-07-18,2.4974237406849698,2.6306051039919423
2025-07-21,2.4976034668199403,2.6355932437800185
2025-07-22,2.4867655774602135,2.6359704548049496
2025-07-23,2.4988644461299216,2.6583957274290073
2025-07-24,2.5073660892235106,2.659275972255945
2025-07-25,2.5147334023347585,2.670509707683966
2025-07-28,2.5185646659662964,2.6698391674854864
2025-07-29,2.5021502358552947,2.662797208869987
2025-07-30,2.497850811499872,2.659443735958711
2025-07-31,2.498670029702171,2.649467456382559
2025-08-01,2.4518275041832407,2.606041616076493
2025-08-04,2.486223735873271,2.645653147901261
2025-08-05,2.473911514208564,2.6322397708687424
2025-08-06,2.4990327283214784,2.652401777343212
2025-08-07,2.506148109632317,2.6501801948130224
2025-08-08,2.52415945991783,2.670844977783205
2025-08-11,2.5199724778127095,2.6655635088215806
2025-08-12,2.5352814217904163,2.693941047912035
2025-08-13,2.5336620244377173,2.7031629054383246
2025-08-14,2.5349746643270548,2.7034142936861816
2025-08-15,2.5286619739437377,2.6970848161948533
2025-08-18,2.528328233651432,2.6964981578477567
2025-08-19,2.511574265208486,2.681869008582768
2025-08-20,2.500283430231967,2.674743168115886
2025-08-21,2.494451570484906,2.6640127237961635
2025-08-22,2.518993350709102,2.7049233950921994
2025-08-25,2.5149711329922337,2.693018862159406
2025-08-26,2.519480472661968,2.7042945385131185
2025-08-27,2.5273658749552617,2.71045625230168
2025-08-28,2.5332534561311832,2.7200550635466083
2025-08-29,2.517608537639715,2.703833445636804
2025-09-02,2.4981304602555716,2.6837975192457013
2025-09-03,2.509898108384675,2.698342272046722
2025-09-04,2.5228735326595966,2.7208936247541464
2025-09-05,2.4973338532324605,2.713013104931109
2025-09-08,2.504563860826436,2.719678109827969
2025-09-09,2.507681711424758,2.7259653890873126
2025-09-10,2.5168288561498358,2.7338456516040575
2025-09-11,2.5316202563051546,2.7565647680142487
2025-09-12,2.5450977066936105,2.7556420676490347
2025-09-15,2.556799005193358,2.770313157839715
2025-09-16,2.5483852005053866,2.766498849358417
2025-09-17,2.5428159280388085,2.7630617519020504
2025-09-18,2.554624201173666,2.7759718378262703
2025-09-19,2.5756010140542784,2.789720999570614
2025-09-22,2.595793785989467,2.8029192685425306
2025-09-23,2.579206890520133,2.7876615200047543
2025-09-24,2.573433339123604,2.778792172099308
2025-09-25,2.5717825643050483,2.7659724006837854
2025-09-26,2.5796915494262547,2.781818866018999
2025-09-29,2.588245206322564,2.7896368604129385
2025-09-30,2.6002987655469783,2.8001449920958668
2025-10-01,2.6066382198106806,2.809686681343841
2025-10-02,2.608188108458316,2.8129228225856973
2025-10-03,2.6091681491106704,2.812881138966298
2025-10-06,2.618830821201278,2.82296883216714
2025-10-07,2.610498026749726,2.8125026414099037
2025-10-08,2.624314786460697,2.829273865560672
2025-10-09,2.6189025187947403,2.821077373610339
2025-10-10,2.5751174315107703,2.74482979992827
2025-10-13,2.5983452384916053,2.7869467231239495
2025-10-14,2.589586105847528,2.783542046260449
2025-10-15,2.5932891112563294,2.795899695574487
2025-10-16,2.588281773550854,2.776859029923108
2025-10-17,2.606168404713737,2.7926213561006463
2025-10-20,2.6251368199866087,2.821665833101484
2025-10-21,2.6248182012830505,2.8216236348695
2025-10-22,2.619127188551403,2.806954345822868
2025-10-23,2.6257413230500943,2.8235994898902694
2025-10-24,2.641340556878456,2.846675490128278
2025-10-27,2.666847542263841,2.8802596220492136
2025-10-28,2.686880979066008,2.887909595434094
2025-10-29,2.6930391039164574,2.8892967336574262
2025-10-30,2.674981980001741,2.8575199211356157
2025-10-31,2.6697104077288056,2.866893332068239
2025-11-03,2.6725615523085713,2.8722736066462162
2025-11-04,2.659468954983031,2.8382268380112103
2025-11-05,2.652945444180101,2.8480626283516104
2025-11-06,2.62828506326873,2.817504675737781
2025-11-07,2.6267962872325685,2.820278694878153
2025-11-10,2.657436079765197,2.8642873339369266
2025-11-11,2.6631182587193463,2.8708442701909007
2025-11-12,2.6635337536921546,2.8724416276552756
2025-11-13,2.6430897261597464,2.824776151566267
2025-11-14,2.652419013255595,2.824314029464782
2025-11-17,2.634757621576683,2.798001373372332
2025-11-18,2.6149604305664367,2.7745051919585304
2025-11-19,2.6240808239424025,2.7852235428825014
2025-11-20,2.595618548815756,2.7427703203624114
2025-11-21,2.6121657800544784,2.7700916171217993
2025-11-24,2.6372683045401715,2.810863343019838
2025-11-25,2.636389476328225,2.8373020791956556
2025-11-26,2.6471731086539463,2.8568895207187803
2025-11-28,2.6465148541694403,2.872483568580967
2025-12-01,2.655877861161121,2.859369438766726
2025-12-02,2.662969678659808,2.8646655741870277
2025-12-03,2.6597469795930606,2.8745852463788113
2025-12-04,2.6595628214831226,2.8766869241766555
2025-12-05,2.6567070879061996,2.882151080606016
2025-12-08,2.65693285945506,2.8734924665541977
2025-12-09,2.6547521249516066,2.871012291199959
2025-12-10,2.659509291462398,2.8900534714639234
2025-12-11,2.656117273338312,2.896778428726956
2025-12-12,2.643001957105203,2.865632273928274
2025-12-15,2.6364379505159476,2.8613028382492187
2025-12-16,2.6371786558641026,2.85348484385528
2025-12-17,2.626018869890211,2.822086271583571
2025-12-18,2.633532739204286,2.8433966360418523
2025-12-19,2.647771124360675,2.869167662388408
2025-12-22,2.6467092916050565,2.887042215921786
2025-12-23,2.6544914596053366,2.9002373972181914
2025-12-24,2.6619577399293215,2.9104393344129416
2025-12-26,2.660873865032497,2.9101442040953454
2025-12-29,2.658741991333037,2.8997734739726586
2025-12-30,2.6561339692342436,2.8962324247740874
2025-12-31,2.6471538060999356,2.874774366503861
2026-01-02,2.6451267254428186,2.8800439993760265
2026-01-05,2.6356075692410053,2.89922541156945
2026-01-06,2.625470154348324,2.916467763541944
2026-01-07,2.6214874208756127,2.907066820836014
2026-01-08,2.6072810455721243,2.9067716905184176
2026-01-09,2.6127692586726012,2.925995300943825
2026-01-12,2.6170051141056296,2.9305902767168295
2026-01-13,2.6215590432481766,2.924730640515764
2026-01-14,2.5985775696789872,2.9103549379489726
2026-01-15,2.604690256083427,2.918280486373213
2026-01-16,2.5941095805301435,2.9158353046747663
2026-01-20,2.5430047114751986,2.856478345263226
2026-01-21,2.5669660867141144,2.889445199388248
2026-01-22,2.5783104566761788,2.904537242673599
2026-01-23,2.5858094100255715,2.9055911692480323
2026-01-26,2.6013785957770597,2.9203461412900955
2026-01-27,2.6067452333323957,2.9319815318408433
2026-01-28,2.6110037877228502,2.9316864015232467
2026-01-29,2.611124217024691,2.9258687062478725
2026-01-30,2.6062731365002,2.9171421633348116
2026-02-02,2.600566974746344,2.9316442032912624
2026-02-03,2.585611887667619,2.9068560869823856
2026-02-04,2.5711731236546003,2.892775514733191
2026-02-05,2.550960805633627,2.85664688088487
2026-02-06,2.571837527262223,2.9114510627553902
2026-02-09,2.576344389041446,2.9254894367726005
2026-02-10,2.574949070342098,2.9177746222019887
2026-02-11,2.573324781003529,2.91710022240912
2026-02-12,2.565578462096046,2.87203431179411
2026-02-13,2.565867958291085,2.8740577684790076
