Date,WFO_Return
2019-01-02,0.0
2019-01-03,0.0
2019-01-04,0.0
2019-01-07,0.0
2019-01-08,0.0
2019-01-09,0.0
2019-01-10,0.0
2019-01-11,0.0
2019-01-14,0.0
2019-01-15,0.0
2019-01-16,0.0
2019-01-17,0.0
2019-01-18,0.0
2019-01-22,0.0
2019-01-23,0.0
2019-01-24,0.0
2019-01-25,0.0
2019-01-28,0.0
2019-01-29,0.0
2019-01-30,0.0
2019-01-31,0.0
2019-02-01,0.0
2019-02-04,0.0
2019-02-05,0.0
2019-02-06,0.0
2019-02-07,0.0
2019-02-08,0.0
2019-02-11,0.0
2019-02-12,0.0
2019-02-13,0.0
2019-02-14,0.0
2019-02-15,0.0
2019-02-19,0.0
2019-02-20,0.0
2019-02-21,0.0
2019-02-22,0.0
2019-02-25,0.0
2019-02-26,0.0
2019-02-27,0.0
2019-02-28,0.0
2019-03-01,0.0
2019-03-04,0.0
2019-03-05,0.0
2019-03-06,0.0
2019-03-07,0.0
2019-03-08,0.0
2019-03-11,0.0
2019-03-12,0.0
2019-03-13,0.0
2019-03-14,0.0
2019-03-15,0.0
2019-03-18,0.0
2019-03-19,0.0
2019-03-20,0.0
2019-03-21,0.0
2019-03-22,0.0
2019-03-25,0.0
2019-03-26,0.0
2019-03-27,0.0
2019-03-28,0.0
2019-03-29,0.008123180299938249
2019-04-01,0.010739037817097508
2019-04-02,0.0051011844135008255
2019-04-03,0.01142083899532359
2019-04-04,-0.0006500145885031949
2019-04-05,0.0075660400457851495
2019-04-08,0.0053077253712919825
2019-04-09,-0.00668362760763111
2019-04-10,0.00791506241233425
2019-04-11,-0.002588138958118935
2019-04-12,0.0008821320237294705
2019-04-15,-0.006490861996595709
2019-04-16,0.004361422576327129
2019-04-17,0.005104600687280969
2019-04-18,0.003354252904079258
2019-04-22,0.004739411280323236
2019-04-23,0.012165614651258427
2019-04-24,-0.00114198048616021
2019-04-25,0.00028570794768165153
2019-04-26,-0.010393951557226055
2019-04-29,0.0022810308911133392
2019-04-30,-0.0007594849450378305
2019-05-01,0.004453611935679003
2019-05-02,-0.0016634434211238447
2019-05-03,0.010637329685428881
2019-05-06,-0.010660595222800884
2019-05-07,-0.025413978930985515
2019-05-08,0.0008520024860075304
2019-05-09,-0.008824132424198217
2019-05-10,-0.0009728866603886388
2019-05-13,-0.043602368277258385
2019-05-14,0.014679627190737565
2019-05-15,0.004184314962444008
2019-05-16,0.007943855810704087
2019-05-17,-0.010416050538082866
2019-05-20,-0.02071623619163987
2019-05-21,0.00826850444193393
2019-05-22,-0.004368789784365973
2019-05-23,-0.010239743727294887
2019-05-24,-0.00027423354125133415
2019-05-28,-0.003517083830588963
2019-05-29,-0.005287593657984313
2019-05-30,0.003560047259959287
2019-05-31,-0.00757000944417742
2019-06-03,-0.007886946120840357
2019-06-04,0.006925908400234104
2019-06-05,0.005419751195397893
2019-06-06,0.00395379066626389
2019-06-07,0.007001939725048756
2019-06-10,0.0022832428392496884
2019-06-11,-0.0009427551358062725
2019-06-12,-0.0011543333951223311
2019-06-13,0.00157803707076698
2019-06-14,0.0002455833662601825
2019-06-17,0.0007550217158830419
2019-06-18,0.004347012118201099
2019-06-19,0.0009802764441219636
2019-06-20,0.00232142188573492
2019-06-21,3.6504736459996856e-05
2019-06-24,0.0014784326894830002
2019-06-25,-0.007892948249145493
2019-06-26,0.0009368150615998716
2019-06-27,0.00041068212644701507
2019-06-28,0.0008073481784677677
2019-07-01,0.005479531968405449
2019-07-02,0.002309465663459298
2019-07-03,0.00555626652874712
2019-07-05,-0.001232172396972292
2019-07-08,-0.006709450122319882
2019-07-09,0.0009237464232181858
2019-07-10,0.006213227522913423
2019-07-11,-0.0002371394176849395
2019-07-12,0.003943093754261717
2019-07-15,0.002431912017403448
2019-07-16,-0.004947038684771504
2019-07-17,-0.0045842710639659445
2019-07-18,0.004597627615521391
2019-07-19,-0.007310324657808703
2019-07-22,0.013914350489843297
2019-07-23,0.011628191258891418
2019-07-24,0.007807527965981359
2019-07-25,-0.011500894338579981
2019-07-26,0.007032157893800073
2019-07-29,0.0009740596360616194
2019-07-30,-0.0019912530805595574
2019-07-31,-0.014491166236873854
2019-08-01,-0.009933603380761435
2019-08-02,-0.014926761208256228
2019-08-05,-0.045299746596289714
2019-08-06,0.015514137794193528
2019-08-07,0.00635861251208375
2019-08-08,0.02418967410962969
2019-08-09,-0.01233196238387857
2019-08-12,-0.011589991878755174
2019-08-13,0.02724168053133963
2019-08-14,-0.0319419614907171
2019-08-15,-0.0033104415408325427
2019-08-16,0.03230126397955585
2019-08-19,0.02943962600351724
2019-08-20,-0.008240707063798008
2019-08-21,0.01253409244678283
2019-08-22,-0.0017428886669876575
2019-08-23,-0.032825198722928065
2019-08-26,0.013243272746244317
2019-08-27,-0.007800991310247252
2019-08-28,0.0006964201286943639
2019-08-29,0.008829249428734073
2019-08-30,-0.000793604945357268
2019-09-03,-0.006941277880885083
2019-09-04,0.007163554271598094
2019-09-05,0.025424303106849552
2019-09-06,-0.003235277828394667
2019-09-09,0.0008158288350722243
2019-09-10,0.00404746333323075
2019-09-11,0.009591692039330468
2019-09-12,0.001930904287621521
2019-09-13,-0.008388181208847184
2019-09-16,-0.002865306333563855
2019-09-17,0.004046374226840399
2019-09-18,0.0028960292498005358
2019-09-19,-0.001793205422469843
2019-09-20,-0.013729290572054298
2019-09-23,0.0036527419712952813
2019-09-24,-0.0096155382956368
2019-09-25,0.01718838210273943
2019-09-26,-0.0027356729642155353
2019-09-27,-0.013672271697884236
2019-09-30,0.012765156091823437
2019-10-01,-0.005906516814228796
2019-10-02,-0.01647610927756815
2019-10-03,0.019146036550334478
2019-10-04,0.014676483058494338
2019-10-07,0.0004087083437818162
2019-10-08,-0.01908303522291277
2019-10-09,0.014948806671158887
2019-10-10,0.009825299835643286
2019-10-11,0.01432677418164735
2019-10-14,-0.00014513351435163635
2019-10-15,0.01869912085485187
2019-10-16,-0.006209189111578861
2019-10-17,0.000529123255640418
2019-10-18,-0.00886381042021428
2019-10-21,0.01513058600030176
2019-10-22,-0.005618551055630805
2019-10-23,0.005012316923953153
2019-10-24,0.00800634072967521
2019-10-25,0.015267149100400279
2019-10-28,0.012810046899334071
2019-10-29,-0.012892797098871561
2019-10-30,0.003950182453859585
2019-10-31,0.0004043540102526
2019-11-01,0.011974067289822476
2019-11-04,0.013851149247976646
2019-11-05,-0.0018485241889664716
2019-11-06,-0.0028898386249270602
2019-11-07,0.004966422983209429
2019-11-08,0.003575009294052134
2019-11-11,0.0022403502127550656
2019-11-12,0.003657999842610171
2019-11-13,0.0016438673701037743
2019-11-14,0.0013691403555691761
2019-11-15,0.0013308437558368913
2019-11-18,0.011966568779893605
2019-11-19,-0.005799346899272612
2019-11-20,-0.0004395335196054062
2019-11-21,-0.0029406801204110156
2019-11-22,0.0013650833253057715
2019-11-25,0.021295589217921962
2019-11-26,-0.004821080075331219
2019-11-27,0.006563309563865916
2019-11-29,-0.004739064642666074
2019-12-02,-0.01667577854304858
2019-12-03,-0.008434974102425885
2019-12-04,0.006772182393251336
2019-12-05,0.0034390641949465783
2019-12-06,0.014255221693649789
2019-12-09,-0.0049285427940792825
2019-12-10,0.002935089041160105
2019-12-11,0.007710555385726792
2019-12-12,0.01307109190381972
2019-12-13,0.005563299007240424
2019-12-16,0.008909467869538223
2019-12-17,0.0026825027177829475
2019-12-18,0.00023716018662375826
2019-12-19,0.009926368237684835
2019-12-20,0.0074590463968862986
2019-12-23,0.0038871176446315936
2019-12-24,-1.1575725308465845e-05
2019-12-26,0.00893730204560933
2019-12-27,-0.0021248208684826464
2019-12-30,-0.006851333911546131
2019-12-31,0.00581515255689341
2020-01-02,0.0
2020-01-03,0.0
2020-01-06,0.0
2020-01-07,0.0
2020-01-08,0.0
2020-01-09,0.0
2020-01-10,0.0
2020-01-13,0.0
2020-01-14,0.0
2020-01-15,0.0
2020-01-16,0.0
2020-01-17,0.0
2020-01-21,0.0
2020-01-22,0.0
2020-01-23,0.0
2020-01-24,0.0
2020-01-27,0.0
2020-01-28,0.0
2020-01-29,0.0
2020-01-30,0.0
2020-01-31,0.0
2020-02-03,0.0
2020-02-04,0.0
2020-02-05,0.0
2020-02-06,0.0
2020-02-07,0.0
2020-02-10,0.0
2020-02-11,0.0
2020-02-12,0.0
2020-02-13,0.0
2020-02-14,0.0
2020-02-18,0.0
2020-02-19,0.0
2020-02-20,0.0
2020-02-21,0.0
2020-02-24,0.0
2020-02-25,0.0
2020-02-26,0.0
2020-02-27,0.0
2020-02-28,0.0
2020-03-02,0.0
2020-03-03,0.0
2020-03-04,0.0
2020-03-05,0.0
2020-03-06,0.0
2020-03-09,0.0
2020-03-10,0.0
2020-03-11,0.0
2020-03-12,0.0
2020-03-13,0.0
2020-03-16,0.0
2020-03-17,0.0
2020-03-18,0.0
2020-03-19,0.0
2020-03-20,0.0
2020-03-23,0.0
2020-03-24,0.0
2020-03-25,0.0
2020-03-26,0.0
2020-03-27,0.0
2020-03-30,0.0
2020-03-31,0.0
2020-04-01,0.0
2020-04-02,0.0
2020-04-03,0.0
2020-04-06,0.0
2020-04-07,0.0
2020-04-08,0.0
2020-04-09,0.0
2020-04-13,0.0
2020-04-14,0.0
2020-04-15,-0.0028631322372352913
2020-04-16,0.012338013987898189
2020-04-17,-0.002019035609757469
2020-04-20,-0.004507086775707825
2020-04-21,-0.025740346301881475
2020-04-22,0.023926685245741264
2020-04-23,-0.004895237933079888
2020-04-24,0.009476584883504391
2020-04-27,0.0057499661034184635
2020-04-28,-0.010903721815492734
2020-04-29,0.017310522670359096
2020-04-30,-0.0026685501255482025
2020-05-01,-0.018748477797539118
2020-05-04,0.017175721432795166
2020-05-05,0.008538979979798966
2020-05-06,0.006668301708619415
2020-05-07,0.012998299677965841
2020-05-08,0.017814508350666558
2020-05-11,0.01486983629330163
2020-05-12,-0.021654887609180357
2020-05-13,-0.011941689172755149
2020-05-14,0.013661954215905714
2020-05-15,0.017641589673554614
2020-05-18,0.023534473626489416
2020-05-19,-0.004164352849966496
2020-05-20,0.017247019256983798
2020-05-21,-0.012020514211656091
2020-05-22,0.009344258010863693
2020-05-26,-0.009800547014962219
2020-05-27,-0.0003812168758271228
2020-05-28,-0.0020364932196935137
2020-05-29,0.01486399577678793
2020-06-01,0.0015614242085446872
2020-06-02,0.006610956354045627
2020-06-03,0.0037323218223519194
2020-06-04,-0.006072112293707521
2020-06-05,0.023754691973492892
2020-06-08,0.0028260883955583405
2020-06-09,0.014784248088011487
2020-06-10,0.023174196606680825
2020-06-11,-0.05506617734425592
2020-06-12,0.010997524831842409
2020-06-15,0.013775781705300416
2020-06-16,0.01469550866348554
2020-06-17,0.004096605335606601
2020-06-18,0.002385598762675134
2020-06-19,-0.003174262833348651
2020-06-22,0.02225505102480746
2020-06-23,0.006143399362836727
2020-06-24,-0.021504168086608877
2020-06-25,0.016047232351594443
2020-06-26,-0.02744843779193737
2020-06-29,0.013351730890012459
2020-06-30,0.019767841569326927
2020-07-01,0.0035888465767416333
2020-07-02,0.005439743058844038
2020-07-06,0.021832242359197784
2020-07-07,-0.0054352622353309454
2020-07-08,0.021950884953343075
2020-07-09,0.008572317958399744
2020-07-10,0.0015238599378756268
2020-07-13,-0.021226951368191166
2020-07-14,0.016998686965009557
2020-07-15,3.6516333453279204e-05
2020-07-16,-0.011111684664166038
2020-07-17,0.000591169671242231
2020-07-20,0.02561280361719631
2020-07-21,-0.010620666953802455
2020-07-22,0.008386770961690493
2020-07-23,-0.03263598912470703
2020-07-24,-0.0021620815642493796
2020-07-27,0.016481896144769304
2020-07-28,-0.012878557584757727
2020-07-29,0.01650965169614871
2020-07-30,0.0054842298948993284
2020-07-31,0.029526357916361157
2020-08-03,0.03141269918922307
2020-08-04,0.0038213609202262244
2020-08-05,0.00336254310317452
2020-08-06,0.01547665595246045
2020-08-07,-0.012975778763246015
2020-08-10,-0.001366109443877217
2020-08-11,-0.02239824418619124
2020-08-12,0.032536130643139094
2020-08-13,0.0034469017695351323
2020-08-14,0.0026678256928203137
2020-08-17,0.018504489431650506
2020-08-18,0.0025165877742120146
2020-08-19,-0.004736802687159508
2020-08-20,0.012195174830956279
2020-08-21,0.02312327927594557
2020-08-24,0.00703402533048797
2020-08-25,0.002660966100602985
2020-08-26,0.0117620329083854
2020-08-27,0.000863245401789059
2020-08-28,0.014065218241223282
2020-08-31,0.008192579916655701
2020-09-01,0.022664906125517026
2020-09-02,0.012759988157474728
2020-09-03,-0.06729933502965502
2020-09-04,-0.01293335388252484
2020-09-08,-0.05123061944636459
2020-09-09,0.04238461057896392
2020-09-10,-0.027435526744192834
2020-09-11,-0.00777620430113754
2020-09-14,0.027029096147972997
2020-09-15,0.008061113825727773
2020-09-16,-0.02200677492757841
2020-09-17,-0.009817590157527839
2020-09-18,-0.01941429717288687
2020-09-21,0.014208728191960202
2020-09-22,0.014905167311733136
2020-09-23,-0.026577223272362352
2020-09-24,0.007857888236982913
2020-09-25,0.0240650995286103
2020-09-28,0.013250845994611848
2020-09-29,0.00040501428654493576
2020-09-30,0.011425045829018876
2020-10-01,0.005272537581142267
2020-10-02,-0.02058446378925477
2020-10-05,0.02323641598398113
2020-10-06,-0.005569667919589724
2020-10-07,0.008382042088013963
2020-10-08,-0.002481285687218171
2020-10-09,0.002976000367847287
2020-10-12,0.02429511245843341
2020-10-13,-0.007997292717001989
2020-10-14,-0.004069618991112495
2020-10-15,-0.005004065179225289
2020-10-16,-0.00648754467795673
2020-10-19,-0.02205683072294834
2020-10-20,0.007537737063843752
2020-10-21,-0.003872313484669432
2020-10-22,-0.003946643075467826
2020-10-23,0.005163776380226859
2020-10-26,-0.01996822459358369
2020-10-27,0.011139137617864142
2020-10-28,-0.04687876817507797
2020-10-29,0.022179889831329624
2020-10-30,-0.028764008948813757
2020-11-02,0.0033549005684528344
2020-11-03,0.01807369774375965
2020-11-04,0.03252606164346866
2020-11-05,0.011379488965553283
2020-11-06,0.007040340008701185
2020-11-09,-0.012846306800460089
2020-11-10,-0.016153521929594294
2020-11-11,0.014543115317698196
2020-11-12,-0.0017032506143207504
2020-11-13,0.0004933606599454021
2020-11-16,0.007224015667210315
2020-11-17,-0.00306492675396397
2020-11-18,-0.002887625839235408
2020-11-19,0.0027286020826875895
2020-11-20,-0.010657842774179083
2020-11-23,-0.005396791019490074
2020-11-24,0.0079215369250005
2020-11-25,0.0068373332358700745
2020-11-27,0.003993150748027752
2020-11-30,0.005464742121179339
2020-12-01,0.012725860505439557
2020-12-02,0.0031726884324892735
2020-12-03,-0.0043320260526658605
2020-12-04,0.003919098573966107
2020-12-07,0.00336639326145477
2020-12-08,-0.0007064532722421135
2020-12-09,-0.020191663887114186
2020-12-10,0.0012794602195359966
2020-12-11,0.0012771004108678707
2020-12-14,-0.0013040152376400382
2020-12-15,0.015820773071149347
2020-12-16,0.0062680844939521085
2020-12-17,0.0032985305299087497
2020-12-18,-0.00590656809350959
2020-12-21,0.006779709017789931
2020-12-22,0.008210935995599106
2020-12-23,-0.00477913186357215
2020-12-24,0.004857535211837238
2020-12-28,0.01356962539431733
2020-12-29,-0.004705956853562898
2020-12-30,-0.004529758261957562
2020-12-31,0.00017903059066740057
2021-01-04,0.0
2021-01-05,0.0
2021-01-06,0.0
2021-01-07,0.0
2021-01-08,0.0
2021-01-11,0.0
2021-01-12,0.0
2021-01-13,0.0
2021-01-14,0.0
2021-01-15,0.0
2021-01-19,0.0
2021-01-20,0.0
2021-01-21,0.0
2021-01-22,0.0
2021-01-25,0.0
2021-01-26,0.0
2021-01-27,0.0
2021-01-28,0.0
2021-01-29,0.0
2021-02-01,0.0
2021-02-02,0.0
2021-02-03,0.0
2021-02-04,0.0
2021-02-05,0.0
2021-02-08,0.0
2021-02-09,0.0
2021-02-10,0.0
2021-02-11,0.0
2021-02-12,0.0
2021-02-16,0.0
2021-02-17,0.0
2021-02-18,0.0
2021-02-19,0.0
2021-02-22,0.0
2021-02-23,0.0
2021-02-24,0.0
2021-02-25,0.0
2021-02-26,0.0
2021-03-01,0.0
2021-03-02,0.0
2021-03-03,0.0
2021-03-04,0.0
2021-03-05,0.0
2021-03-08,0.0
2021-03-09,0.0
2021-03-10,0.0
2021-03-11,0.0
2021-03-12,0.0
2021-03-15,0.0
2021-03-16,0.0
2021-03-17,0.0
2021-03-18,0.0
2021-03-19,0.0
2021-03-22,0.0
2021-03-23,0.0
2021-03-24,0.0
2021-03-25,0.0
2021-03-26,0.0
2021-03-29,0.0
2021-03-30,0.0
2021-03-31,0.004990163135724673
2021-04-01,0.009676943085707213
2021-04-05,0.0105204113641853
2021-04-06,-0.0013622122824432092
2021-04-07,0.002346944137526785
2021-04-08,0.004538066893780224
2021-04-09,0.00438419137384094
2021-04-12,0.00014979018099325891
2021-04-13,0.0032612589944768233
2021-04-14,-0.010201131112234543
2021-04-15,0.020587618529800233
2021-04-16,-0.0014516642790681766
2021-04-19,-0.011798638071536943
2021-04-20,-0.008726818827945362
2021-04-21,0.008462268123749339
2021-04-22,-0.01678063615015002
2021-04-23,0.018075592499409043
2021-04-26,0.0051335167259630166
2021-04-27,-0.0018194045969214256
2021-04-28,-0.010356690581992678
2021-04-29,0.00017824982768355202
2021-04-30,-0.01089542304176827
2021-05-03,-0.0006015587226466668
2021-05-04,-0.02260933697341022
2021-05-05,0.001103585109471339
2021-05-06,0.009618967094126185
2021-05-07,0.010863418112852241
2021-05-10,-0.02337905168705237
2021-05-11,-0.004334868942576758
2021-05-12,-0.028458456563400375
2021-05-13,0.010004145879969284
2021-05-14,0.024636581201223418
2021-05-17,-0.0073032787556130685
2021-05-18,-0.009749530850205329
2021-05-19,0.0005345010716036602
2021-05-20,0.021115444976960218
2021-05-21,0.0012632014610738096
2021-05-24,0.021940890671713842
2021-05-25,0.0005615048002507173
2021-05-26,0.0010039375811266849
2021-05-27,-0.005536565608849173
2021-05-28,0.013029170849985838
2021-06-01,-0.0021953152287227107
2021-06-02,0.00818894410142626
2021-06-03,0.0003182008942585468
2021-06-04,0.016419590623153457
2021-06-07,0.0033474516280174726
2021-06-08,-0.003466712546092404
2021-06-09,-0.000720636110578432
2021-06-10,0.005721943284117237
2021-06-11,0.006787281471589579
2021-06-14,0.005212323796088547
2021-06-15,-0.005124935820679688
2021-06-16,-0.002038473261798207
2021-06-17,0.015225410829393687
2021-06-18,-0.005029106628696767
2021-06-21,0.0038258261369064905
2021-06-22,0.010311995934642326
2021-06-23,0.0017296281244810752
2021-06-24,0.004094712452089325
2021-06-25,-0.003510982580486599
2021-06-28,0.01966293172540773
2021-06-29,0.006025175443223285
2021-06-30,0.0006023095296899261
2021-07-01,0.005214433677301178
2021-07-02,0.015780245646540236
2021-07-06,0.005814187749140942
2021-07-07,0.0034696676054311315
2021-07-08,-0.012334104554531183
2021-07-09,0.008253674223837049
2021-07-12,0.00505063853396881
2021-07-13,0.0012203614944312213
2021-07-14,0.002716264135128571
2021-07-15,-0.014314672597240646
2021-07-16,-0.016343257933290695
2021-07-19,-0.0052334049395231785
2021-07-20,0.00992784604266872
2021-07-21,0.013321575268669728
2021-07-22,0.009511797045993198
2021-07-23,0.008194157069792485
2021-07-26,-0.002572453504041866
2021-07-27,-0.00814962446681533
2021-07-28,0.00040868291521267697
2021-07-29,0.004457768982293442
2021-07-30,-0.004296407318893164
2021-08-02,0.0020318850698841373
2021-08-03,0.008036494668319294
2021-08-04,0.003334574393902473
2021-08-05,0.008873001033675165
2021-08-06,-0.004113494569050302
2021-08-09,-0.0021363157606189287
2021-08-10,-0.006588610130430633
2021-08-11,-0.0014591945260976624
2021-08-12,0.011048779722654167
2021-08-13,0.0069843079768039384
2021-08-16,0.002522211886513165
2021-08-17,-0.01063260465898519
2021-08-18,-0.016011814555511483
2021-08-19,0.016114327370087556
2021-08-20,0.023777083998575588
2021-08-23,0.018717172820826744
2021-08-24,-0.0032978743530722443
2021-08-25,0.00273337715983063
2021-08-26,-0.006906583613906475
2021-08-27,0.010992494002271813
2021-08-30,0.01250610697253074
2021-08-31,-0.007180075641491451
2021-09-01,0.001836480701656984
2021-09-02,0.0015733579637604855
2021-09-03,0.005978434575328984
2021-09-07,0.00020050548200636897
2021-09-08,-0.00636362582149283
2021-09-09,-0.007024206798127791
2021-09-10,-0.008148671643577743
2021-09-13,-0.0009304529019705243
2021-09-14,-0.00036711431290453733
2021-09-15,0.008931607019582233
2021-09-16,-0.0015787751352768775
2021-09-17,-0.01524834937062225
2021-09-20,-0.02313656130565042
2021-09-21,0.0026204908750785683
2021-09-22,0.01804038581674383
2021-09-23,0.01170203292048616
2021-09-24,-0.004069318881274958
2021-09-27,-0.01244523147320234
2021-09-28,-0.031131178121106245
2021-09-29,-0.0014790879617520153
2021-09-30,-0.0024616859762963683
2021-10-01,0.006555792067733809
2021-10-04,-0.01735336261469647
2021-10-05,0.014098912798112373
2021-10-06,0.006809907486032718
2021-10-07,0.006013158841050414
2021-10-08,-0.00301946241150651
2021-10-11,-0.0016321919252363926
2021-10-12,-0.000289924017142118
2021-10-13,0.0032412013373671056
2021-10-14,-0.000125
2021-10-15,0.0
2021-10-18,0.0
2021-10-19,0.0
2021-10-20,0.0
2021-10-21,0.0025992886378376906
2021-10-22,-0.0010375700391047488
2021-10-25,0.004007428525558354
2021-10-26,0.01844423882053907
2021-10-27,0.006730533029265434
2021-10-28,0.008335041762306261
2021-10-29,0.012385619091315192
2021-11-01,0.0012761731426224332
2021-11-02,0.011074969606543236
2021-11-03,0.006494302260441176
2021-11-04,0.03223558200000784
2021-11-05,0.001069388891130757
2021-11-08,0.008356821568203943
2021-11-09,-0.002176058824131827
2021-11-10,-0.020403691189640277
2021-11-11,0.009128962323840306
2021-11-12,0.008697179375792563
2021-11-15,-0.0033828824369425137
2021-11-16,0.006697303706386215
2021-11-17,-0.004112506905648683
2021-11-18,0.030192789828724975
2021-11-19,0.015484199096009399
2021-11-22,-0.010160769302313355
2021-11-23,-0.002287565846003592
2021-11-24,0.008966617854482328
2021-11-26,-0.028543931074634377
2021-11-29,0.028669051366754683
2021-11-30,-0.006699003133230852
2021-12-01,-0.013429296751283376
2021-12-02,0.007345257121653376
2021-12-03,-0.021174566357976182
2021-12-06,0.0054545288290247795
2021-12-07,0.04061572800844976
2021-12-08,0.0017616337397709791
2021-12-09,-0.014320675327506499
2021-12-10,0.014047495653616543
2021-12-13,-0.026538521190185432
2021-12-14,-0.01031025608039951
2021-12-15,0.034559152956780026
2021-12-16,-0.03631075458222874
2021-12-17,-0.010293290482464301
2021-12-20,-0.008429737971891532
2021-12-21,0.027208622598566046
2021-12-22,0.013638118011674027
2021-12-23,0.00562533540958482
2021-12-27,0.026085217924829207
2021-12-28,-0.007555260442889733
2021-12-29,-0.001688429974808059
2021-12-30,-0.007716736104425331
2021-12-31,-0.005202871704864276
2022-01-03,0.0
2022-01-04,0.0
2022-01-05,0.0
2022-01-06,0.0
2022-01-07,0.0
2022-01-10,0.0
2022-01-11,0.0
2022-01-12,0.0
2022-01-13,0.0
2022-01-14,0.0
2022-01-18,0.0
2022-01-19,0.0
2022-01-20,0.0
2022-01-21,0.0
2022-01-24,0.0
2022-01-25,0.0
2022-01-26,0.0
2022-01-27,0.0
2022-01-28,0.0
2022-01-31,0.0
2022-02-01,0.0
2022-02-02,0.0
2022-02-03,0.0
2022-02-04,0.0
2022-02-07,0.0
2022-02-08,0.0
2022-02-09,0.0
2022-02-10,0.0
2022-02-11,0.0
2022-02-14,0.0
2022-02-15,0.0
2022-02-16,0.0
2022-02-17,0.0
2022-02-18,0.0
2022-02-22,0.0
2022-02-23,0.0
2022-02-24,0.0
2022-02-25,0.0
2022-02-28,0.0
2022-03-01,0.0
2022-03-02,0.0
2022-03-03,0.0
2022-03-04,0.0
2022-03-07,0.0
2022-03-08,0.0
2022-03-09,0.0
2022-03-10,0.0
2022-03-11,0.0
2022-03-14,0.0
2022-03-15,0.0
2022-03-16,0.0
2022-03-17,0.0
2022-03-18,0.0
2022-03-21,0.0
2022-03-22,0.0
2022-03-23,0.0
2022-03-24,0.0
2022-03-25,0.0
2022-03-28,0.0
2022-03-29,0.0
2022-03-30,-0.008552519005829248
2022-03-31,-0.003647528277275852
2022-04-01,-0.004675600875059818
2022-04-04,0.018363805484509305
2022-04-05,-0.024196967958646565
2022-04-06,-0.030956873452030936
2022-04-07,0.0012334378021540693
2022-04-08,-0.01854206013330248
2022-04-11,-0.03350789715783595
2022-04-12,-0.0055609910731679035
2022-04-13,0.020003498702994615
2022-04-14,-0.028021531124693994
2022-04-18,0.006560625614046411
2022-04-19,0.016587329706152343
2022-04-20,-0.007574119275773616
2022-04-21,-0.005199403332328489
2022-04-22,-0.013815057809650422
2022-04-25,0.003133684053558794
2022-04-26,-0.016572172540128355
2022-04-27,-0.00025
2022-04-28,0.0
2022-04-29,0.0
2022-05-02,0.0
2022-05-03,0.0
2022-05-04,0.0
2022-05-05,0.0
2022-05-06,0.0
2022-05-09,0.0
2022-05-10,0.0
2022-05-11,0.0
2022-05-12,0.0
2022-05-13,0.0
2022-05-16,0.0
2022-05-17,0.0
2022-05-18,0.0
2022-05-19,0.0
2022-05-20,0.0
2022-05-23,0.0
2022-05-24,0.0
2022-05-25,0.0
2022-05-26,0.0
2022-05-27,0.0
2022-05-31,0.0
2022-06-01,0.0
2022-06-02,0.0
2022-06-03,0.0
2022-06-06,0.0
2022-06-07,0.0
2022-06-08,0.0
2022-06-09,0.0
2022-06-10,0.0
2022-06-13,0.0
2022-06-14,0.0
2022-06-15,0.0
2022-06-16,0.0
2022-06-17,0.0
2022-06-21,0.0
2022-06-22,0.0
2022-06-23,0.0
2022-06-24,0.0
2022-06-27,0.0
2022-06-28,0.0
2022-06-29,0.0
2022-06-30,0.0
2022-07-01,0.0
2022-07-05,0.0
2022-07-06,0.0
2022-07-07,0.0
2022-07-08,0.0
2022-07-11,0.0
2022-07-12,0.0
2022-07-13,0.0
2022-07-14,0.0
2022-07-15,0.0
2022-07-18,0.0
2022-07-19,0.0
2022-07-20,0.0
2022-07-21,0.0
2022-07-22,-0.002152681271577514
2022-07-25,-0.001849586944336734
2022-07-26,-0.0022065166831460314
2022-07-27,0.008558691216361214
2022-07-28,0.0008928623676303094
2022-07-29,0.008198275035652625
2022-08-01,-0.001538355026838495
2022-08-02,-0.0070898159863167776
2022-08-03,0.025263418691784098
2022-08-04,0.0046547464508294445
2022-08-05,-0.004362308815029747
2022-08-08,-0.01905064896181133
2022-08-09,-0.00908491771103409
2022-08-10,0.032667577472511256
2022-08-11,-0.005099317466138037
2022-08-12,0.02453512817394049
2022-08-15,0.008265674997069872
2022-08-16,-0.0023982807697974784
2022-08-17,-0.007441256254207912
2022-08-18,0.005138999578880671
2022-08-19,-0.022903454080611285
2022-08-22,-0.02971686076543359
2022-08-23,-0.00013374051768122452
2022-08-24,0.0012575418257459725
2022-08-25,0.02006453592928642
2022-08-26,-0.05060368177929353
2022-08-29,-0.014799649537696719
2022-08-30,-0.013969836584097478
2022-08-31,-0.01203173458285925
2022-09-01,-0.01822511466500734
2022-09-02,-0.015407507563987594
2022-09-06,-0.009074690216588632
2022-09-07,0.011457589053769687
2022-09-08,-0.00035390664379483794
2022-09-09,0.01433804175411807
2022-09-12,0.012188942686887735
2022-09-13,-0.02554057705636642
2022-09-14,0.003342832782162908
2022-09-15,-0.007570750144003491
2022-09-16,-0.0028650314314134645
2022-09-19,0.006270673178830732
2022-09-20,-0.000125
2022-09-21,0.0
2022-09-22,0.0
2022-09-23,0.0
2022-09-26,0.0
2022-09-27,0.0
2022-09-28,0.0
2022-09-29,0.0
2022-09-30,0.0
2022-10-03,0.0
2022-10-04,0.0
2022-10-05,0.0
2022-10-06,0.0
2022-10-07,0.0
2022-10-10,0.0
2022-10-11,0.0
2022-10-12,0.0
2022-10-13,0.0
2022-10-14,0.0
2022-10-17,0.0
2022-10-18,0.0
2022-10-19,0.0
2022-10-20,0.0
2022-10-21,0.0
2022-10-24,0.0
2022-10-25,0.0
2022-10-26,0.0
2022-10-27,0.0
2022-10-28,0.0
2022-10-31,0.0
2022-11-01,0.0
2022-11-02,0.0
2022-11-03,0.0
2022-11-04,0.0
2022-11-07,0.0
2022-11-08,0.0
2022-11-09,0.0
2022-11-10,0.0
2022-11-11,0.0
2022-11-14,-0.0006149815212984771
2022-11-15,0.007699094711806617
2022-11-16,-0.01324758163484982
2022-11-17,-0.004426179005735664
2022-11-18,-0.0031386536253418806
2022-11-21,-0.002401656490832682
2022-11-22,0.015132225666266597
2022-11-23,0.009073264666391467
2022-11-25,-0.003824375074332642
2022-11-28,-0.01079629401900134
2022-11-29,-0.005002685125797671
2022-11-30,0.04387592637667337
2022-12-01,0.0028546275325118525
2022-12-02,-0.004586038017379113
2022-12-05,-0.015158674270333627
2022-12-06,-0.02439912924330387
2022-12-07,-0.002556588878459831
2022-12-08,0.024360088700608462
2022-12-09,-0.00717339708922729
2022-12-12,0.022776577902760275
2022-12-13,0.01378980623129343
2022-12-14,-0.0068123020725582295
2022-12-15,-0.024307756172907286
2022-12-16,-0.01290747487582497
2022-12-19,-0.011234344648024419
2022-12-20,-0.0008536375815716146
2022-12-21,0.012922907625742774
2022-12-22,-0.027553706123835203
2022-12-23,-0.0001628302953023686
2022-12-27,-0.02067775548254369
2022-12-28,-0.007175590154611056
2022-12-29,0.021506576811611278
2022-12-30,-0.001704652032290005
2023-01-03,0.0
2023-01-04,0.0
2023-01-05,0.0
2023-01-06,0.0
2023-01-09,0.0
2023-01-10,0.0
2023-01-11,0.0
2023-01-12,0.0
2023-01-13,0.0
2023-01-17,0.0
2023-01-18,0.0
2023-01-19,0.0
2023-01-20,0.0
2023-01-23,0.0
2023-01-24,0.0
2023-01-25,0.0
2023-01-26,0.0
2023-01-27,0.0
2023-01-30,0.0
2023-01-31,0.0
2023-02-01,0.0
2023-02-02,0.0
2023-02-03,0.0
2023-02-06,0.0
2023-02-07,0.0
2023-02-08,0.0
2023-02-09,0.0
2023-02-10,0.0
2023-02-13,0.0
2023-02-14,0.0
2023-02-15,0.0
2023-02-16,0.0
2023-02-17,0.0
2023-02-21,0.0
2023-02-22,0.0
2023-02-23,0.0
2023-02-24,0.0
2023-02-27,0.0
2023-02-28,0.0
2023-03-01,0.0
2023-03-02,0.0
2023-03-03,0.0
2023-03-06,0.0
2023-03-07,0.0
2023-03-08,0.0
2023-03-09,0.0
2023-03-10,0.0
2023-03-13,0.0
2023-03-14,0.0
2023-03-15,0.0
2023-03-16,0.0
2023-03-17,0.0
2023-03-20,0.0
2023-03-21,0.0
2023-03-22,0.0
2023-03-23,0.0
2023-03-24,0.0
2023-03-27,0.0
2023-03-28,0.0
2023-03-29,0.0
2023-03-30,0.0
2023-03-31,0.0
2023-04-03,0.0
2023-04-04,0.0
2023-04-05,0.0
2023-04-06,0.0
2023-04-10,0.0
2023-04-11,0.0
2023-04-12,0.0
2023-04-13,0.0
2023-04-14,0.0
2023-04-17,0.0
2023-04-18,0.0
2023-04-19,0.0
2023-04-20,0.0
2023-04-21,0.0
2023-04-24,0.0
2023-04-25,0.0
2023-04-26,0.0
2023-04-27,0.0
2023-04-28,0.0
2023-05-01,0.0
2023-05-02,0.0
2023-05-03,0.0
2023-05-04,0.0
2023-05-05,0.0
2023-05-08,0.0
2023-05-09,0.0
2023-05-10,0.0
2023-05-11,0.0
2023-05-12,0.0
2023-05-15,0.0
2023-05-16,0.0
2023-05-17,0.0
2023-05-18,0.0
2023-05-19,0.0
2023-05-22,0.0
2023-05-23,0.0
2023-05-24,0.0
2023-05-25,0.0
2023-05-26,0.0
2023-05-30,0.0
2023-05-31,0.0
2023-06-01,0.0
2023-06-02,0.0
2023-06-05,0.0
2023-06-06,0.0
2023-06-07,0.0
2023-06-08,0.0
2023-06-09,0.0
2023-06-12,0.0
2023-06-13,0.0
2023-06-14,0.0
2023-06-15,0.0
2023-06-16,0.0
2023-06-20,0.0
2023-06-21,0.0
2023-06-22,0.0
2023-06-23,0.0
2023-06-26,0.0
2023-06-27,0.01820161119824326
2023-06-28,-0.0018666594371446188
2023-06-29,-0.0009547778127970974
2023-06-30,0.021886074933138377
2023-07-03,-0.002874680867522461
2023-07-05,-0.0022871090978629216
2023-07-06,-0.00028809522147865696
2023-07-07,-0.002695757104090951
2023-07-10,-0.00797694729980536
2023-07-11,0.0027053690698921884
2023-07-12,0.016640208294279202
2023-07-13,0.018862729085226737
2023-07-14,-0.0008387998188842116
2023-07-17,0.011003583765387737
2023-07-18,0.017030946183190482
2023-07-19,-0.002938048746801647
2023-07-20,-0.018231743492344687
2023-07-21,-0.010425581953847518
2023-07-24,0.004855950056799285
2023-07-25,0.012042453970107503
2023-07-26,-0.009477061445819168
2023-07-27,-0.00605653188199512
2023-07-28,0.01623697281774228
2023-07-31,-0.0006549082263820893
2023-08-01,-0.0026595116862821455
2023-08-02,-0.025951358407302255
2023-08-03,-0.001798848687539073
2023-08-04,-0.01135195258469307
2023-08-07,0.0037695897948726576
2023-08-08,-0.006978814933925825
2023-08-09,-0.018649324795591615
2023-08-10,-0.0006510922917463691
2023-08-11,-0.01058933436742543
2023-08-14,0.02382156498464849
2023-08-15,-0.006325763221327996
2023-08-16,-0.0062644575816564185
2023-08-17,-0.009106675669193293
2023-08-18,0.00024920237203424067
2023-08-21,0.029004806279765427
2023-08-22,-0.005164905706230072
2023-08-23,0.019718252436448924
2023-08-24,-0.015132588240555606
2023-08-25,0.0012055624513695185
2023-08-28,0.008792765907477962
2023-08-29,0.023107411711009218
2023-08-30,0.008571866407682815
2023-08-31,-0.000394135733803036
2023-09-01,-0.0010166856690332071
2023-09-05,0.0031568120636725205
2023-09-06,-0.018768487337873202
2023-09-07,-0.014666454987289801
2023-09-08,0.0009364200981422932
2023-09-11,0.0038831197384130434
2023-09-12,-0.011905280388263273
2023-09-13,0.00398699322184104
2023-09-14,0.006842812519164521
2023-09-15,-0.01952964434258317
2023-09-18,0.003872681410877349
2023-09-19,-0.001820845896059492
2023-09-20,-0.02064930837816925
2023-09-21,-0.014553584024376842
2023-09-22,0.0023167927706222724
2023-09-25,0.006991395333215855
2023-09-26,-0.015615279329439374
2023-09-27,0.0017184290658920909
2023-09-28,0.0061657846326674814
2023-09-29,0.004215599968673989
2023-10-02,0.01577329709625766
2023-10-03,-0.018884382090534724
2023-10-04,0.011101220313288529
2023-10-05,0.0056915667084643795
2023-10-06,0.01884839209395278
2023-10-09,0.0007596707263510111
2023-10-10,0.0031164255749500658
2023-10-11,0.006401516546417116
2023-10-12,-0.0007816611129244921
2023-10-13,-0.009148109912638841
2023-10-16,0.006116869571438754
2023-10-17,-0.011710149315917573
2023-10-18,-0.01324296168232783
2023-10-19,-0.002759377610762781
2023-10-20,-0.007311850657952562
2023-10-23,0.009159067380167807
2023-10-24,0.005887144170314829
2023-10-25,-0.014375161136275072
2023-10-26,-0.011688250429137459
2023-10-27,-5.449003148075282e-05
2023-10-30,0.0070692348806616345
2023-10-31,-0.0024390727021122577
2023-11-01,0.00947154546503759
2023-11-02,0.006975771846048917
2023-11-03,0.008613765108158977
2023-11-06,0.004143955332337856
2023-11-07,0.001114773649116274
2023-11-08,0.003367392742059161
2023-11-09,0.002018301771879727
2023-11-10,0.007374900058749301
2023-11-13,-0.0006730753030213393
2023-11-14,0.0077746600723018755
2023-11-15,-0.003765045046876303
2023-11-16,0.007423156228184569
2023-11-17,-0.00511981516068763
2023-11-20,0.01076456961197464
2023-11-21,-0.0052005977608343135
2023-11-22,-0.0029437857957602953
2023-11-24,-0.005101769492760699
2023-11-27,0.0032200935071681758
2023-11-28,0.000518945275336441
2023-11-29,-0.0008473590987810864
2023-11-30,-0.007075060920219034
2023-12-01,-0.002929791511201124
2023-12-04,-0.01029378657497626
2023-12-05,0.008112541051625455
2023-12-06,-0.008203544283672953
2023-12-07,0.007462633022171705
2023-12-08,0.007092927800454063
2023-12-11,-0.006583083180490917
2023-12-12,0.007596371167973293
2023-12-13,0.002254223958886553
2023-12-14,-0.004274098891545924
2023-12-15,0.005265136659202682
2023-12-18,0.005238550567152084
2023-12-19,0.0007832050803403684
2023-12-20,-0.015435654365732632
2023-12-21,0.00871524036945695
2023-12-22,-0.0010048660333517034
2023-12-26,0.0026975369814375705
2023-12-27,0.0008879260308126691
2023-12-28,0.001990899071175667
2023-12-29,-0.0015734881591937255
2024-01-02,0.0
2024-01-03,0.0
2024-01-04,0.0
2024-01-05,0.0
2024-01-08,0.0
2024-01-09,0.0
2024-01-10,0.0
2024-01-11,0.0
2024-01-12,0.0
2024-01-16,0.0
2024-01-17,0.0
2024-01-18,0.0
2024-01-19,0.0
2024-01-22,0.0
2024-01-23,0.0
2024-01-24,0.0
2024-01-25,0.0
2024-01-26,0.0
2024-01-29,0.0
2024-01-30,0.0
2024-01-31,0.0
2024-02-01,0.0
2024-02-02,0.0
2024-02-05,0.0
2024-02-06,0.0
2024-02-07,0.0
2024-02-08,0.0
2024-02-09,0.0
2024-02-12,0.0
2024-02-13,0.0
2024-02-14,0.0
2024-02-15,0.0
2024-02-16,0.0
2024-02-20,0.0
2024-02-21,0.0
2024-02-22,0.0
2024-02-23,0.0
2024-02-26,0.0
2024-02-27,0.0
2024-02-28,0.0
2024-02-29,0.0
2024-03-01,0.0
2024-03-04,0.0
2024-03-05,0.0
2024-03-06,0.0
2024-03-07,0.0
2024-03-08,0.0
2024-03-11,0.0
2024-03-12,0.0
2024-03-13,0.0
2024-03-14,0.0
2024-03-15,0.0
2024-03-18,0.0
2024-03-19,0.0
2024-03-20,0.0
2024-03-21,0.0
2024-03-22,0.0
2024-03-25,0.0
2024-03-26,0.0
2024-03-27,0.0
2024-03-28,0.0
2024-04-01,0.0
2024-04-02,0.0
2024-04-03,0.0
2024-04-04,0.0
2024-04-05,0.0
2024-04-08,0.0
2024-04-09,0.0
2024-04-10,0.0
2024-04-11,0.0
2024-04-12,0.0
2024-04-15,0.0
2024-04-16,0.0
2024-04-17,0.0
2024-04-18,0.0
2024-04-19,0.0
2024-04-22,0.0
2024-04-23,0.0
2024-04-24,0.0
2024-04-25,0.0
2024-04-26,0.0
2024-04-29,0.0
2024-04-30,0.0
2024-05-01,0.0
2024-05-02,0.0
2024-05-03,0.0
2024-05-06,0.0
2024-05-07,0.0
2024-05-08,0.0
2024-05-09,0.0
2024-05-10,0.0
2024-05-13,0.0
2024-05-14,0.0
2024-05-15,0.0
2024-05-16,0.0
2024-05-17,0.0
2024-05-20,0.0
2024-05-21,0.0
2024-05-22,0.0
2024-05-23,0.0
2024-05-24,0.013581958352326673
2024-05-28,0.01773200382542295
2024-05-29,4.015151575637033e-06
2024-05-30,-0.0182076117995163
2024-05-31,0.001847436850841433
2024-06-03,0.013787430009650326
2024-06-04,0.005357364246361129
2024-06-05,0.022586390671042622
2024-06-06,-0.00442250117520418
2024-06-07,0.0021723213026182964
2024-06-10,0.00022187734617495902
2024-06-11,0.0197888651759342
2024-06-12,0.022909973014303364
2024-06-13,0.010976814862470319
2024-06-14,0.003049050221833105
2024-06-17,0.008477814295364344
2024-06-18,0.00553705236090285
2024-06-20,-0.015266600156681964
2024-06-21,-0.008705593273286016
2024-06-24,-0.01791246358829121
2024-06-25,0.020802523990569033
2024-06-26,0.0065958026060627395
2024-06-27,-0.0029944396705224308
2024-06-28,-0.009211813893429621
2024-07-01,0.014798978337688229
2024-07-02,0.003859813981912652
2024-07-03,0.014812549075427728
2024-07-05,0.0057561082925862705
2024-07-08,0.005926133109597442
2024-07-09,0.0037955066120840264
2024-07-10,0.017542259673074434
2024-07-11,-0.02807053956679395
2024-07-12,0.007817996154687923
2024-07-15,0.0035517570398402865
2024-07-16,-0.00456319981080297
2024-07-17,-0.029725997214387512
2024-07-18,-0.002262059714179032
2024-07-19,-0.009890047875546065
2024-07-22,0.017414502740875804
2024-07-23,-6.45569972637372e-05
2024-07-24,-0.038825780264585746
2024-07-25,-0.012934758236374494
2024-07-26,0.009181827658853614
2024-07-29,-0.001924124690213136
2024-07-30,-0.02046628410752971
2024-07-31,0.037140155858424645
2024-08-01,-0.025154109260652757
2024-08-02,-0.01254475242113079
2024-08-05,-0.03534215201172035
2024-08-06,0.009325321156995747
2024-08-07,-0.011352233179834165
2024-08-08,0.025254648422727177
2024-08-09,0.004012415765365346
2024-08-12,0.012104737403927812
2024-08-13,0.024736959020953353
2024-08-14,0.005473095301734732
2024-08-15,0.01778794937040329
2024-08-16,0.005540089371667667
2024-08-19,0.01308992924457339
2024-08-20,-0.005008798967347211
2024-08-21,0.003193496483352487
2024-08-22,-0.013287747540087574
2024-08-23,0.016602999005927654
2024-08-26,-0.005844613546908073
2024-08-27,0.004916201993556302
2024-08-28,-0.008381326311665993
2024-08-29,-0.012297168904759903
2024-08-30,0.005311355245844335
2024-09-03,-0.035758582530708266
2024-09-04,-0.00680993848571973
2024-09-05,0.003477767520897207
2024-09-06,-0.016174871136294705
2024-09-09,0.011750484166443642
2024-09-10,0.0040109196841260075
2024-09-11,0.025835649073545797
2024-09-12,0.007019790260828329
2024-09-13,0.0008776867882448331
2024-09-16,-0.006574643848685696
2024-09-17,0.0006453462179135117
2024-09-18,0.0037559953080951447
2024-09-19,0.013532492198663482
2024-09-20,-0.001164005419847125
2024-09-23,-0.0019710275624589546
2024-09-24,0.009119126517995513
2024-09-25,0.005522046727576502
2024-09-26,0.002871226246578068
2024-09-27,-0.007293837182589247
2024-09-30,0.008133911892810208
2024-10-01,-0.024248595801858563
2024-10-02,0.002572825986101257
2024-10-03,0.006379737200279012
2024-10-04,0.007611067964413784
2024-10-07,-0.0022892016976442386
2024-10-08,0.01708519100796463
2024-10-09,0.005454660168866227
2024-10-10,0.0030887972807222275
2024-10-11,-0.00014780500931532714
2024-10-14,0.012229131688727302
2024-10-15,-0.010901354784731337
2024-10-16,0.006700381493754959
2024-10-17,0.00264937320742209
2024-10-18,0.005984378814060831
2024-10-21,0.011508092370393075
2024-10-22,-0.0009970172783795306
2024-10-23,-0.01470656312634272
2024-10-24,0.0018574900033634933
2024-10-25,0.002836393252617836
2024-10-28,0.0011211316315942466
2024-10-29,0.00199250135678819
2024-10-30,-0.007956299488150242
2024-10-31,-0.02125879997751351
2024-11-01,0.002706601528928515
2024-11-04,-0.0003477513448658931
2024-11-05,0.011737494875481147
2024-11-06,0.015584797918579474
2024-11-07,0.01289038633143913
2024-11-08,-0.0013132047075433972
2024-11-11,-0.00678234522881796
2024-11-12,0.004438166313421504
2024-11-13,-0.0022916536951340105
2024-11-14,0.0026725513776254817
2024-11-15,-0.014872042549834708
2024-11-18,0.0011576077849944355
2024-11-19,0.013435806413679086
2024-11-20,-0.0010313830391311396
2024-11-21,0.0021547162603102743
2024-11-22,-0.005793568377168351
2024-11-25,-0.0063330896001101145
2024-11-26,0.0053106583065465895
2024-11-27,-0.0037807159568219173
2024-11-29,0.009482377968976718
2024-12-02,0.0035159174827962825
2024-12-03,0.006248384153271225
2024-12-04,0.014102638594726533
2024-12-05,0.0024708457603435374
2024-12-06,-0.0037106194162530026
2024-12-09,-0.002252420702564817
2024-12-10,-0.007987444503668756
2024-12-11,0.011680717918970657
2024-12-12,-0.0030151350139066
2024-12-13,-0.006776413608549359
2024-12-16,0.0022241162687096916
2024-12-17,-6.054085068760151e-05
2024-12-18,-0.025034174961462125
2024-12-19,0.004903642820312304
2024-12-20,0.015151332801435796
2024-12-23,0.010714449973960927
2024-12-24,0.008976255558588109
2024-12-26,-0.0004007323983287736
2024-12-27,-0.01548445005757193
2024-12-30,-0.008602809239881604
2024-12-31,-0.010452137682441465
2025-01-02,0.0
2025-01-03,0.0
2025-01-06,0.0
2025-01-07,0.0
2025-01-08,0.0
2025-01-10,0.0
2025-01-13,0.0
2025-01-14,0.0
2025-01-15,0.0
2025-01-16,0.0
2025-01-17,0.0
2025-01-21,0.0
2025-01-22,0.0
2025-01-23,0.0
2025-01-24,0.0
2025-01-27,0.0
2025-01-28,0.0
2025-01-29,0.0
2025-01-30,0.0
2025-01-31,0.0
2025-02-03,0.0
2025-02-04,0.0
2025-02-05,0.0
2025-02-06,0.0
2025-02-07,0.0
2025-02-10,0.0
2025-02-11,0.0
2025-02-12,0.0
2025-02-13,0.0
2025-02-14,0.0
2025-02-18,0.0
2025-02-19,0.0
2025-02-20,0.0
2025-02-21,0.0
2025-02-24,0.0
2025-02-25,0.0
2025-02-26,0.0
2025-02-27,0.0
2025-02-28,0.0
2025-03-03,0.0
2025-03-04,0.0
2025-03-05,0.0
2025-03-06,0.0
2025-03-07,0.0
2025-03-10,0.0
2025-03-11,0.0
2025-03-12,0.0
2025-03-13,0.0
2025-03-14,0.0
2025-03-17,0.0
2025-03-18,0.0
2025-03-19,0.0
2025-03-20,0.0
2025-03-21,0.0
2025-03-24,0.0
2025-03-25,0.0
2025-03-26,0.0
2025-03-27,0.0
2025-03-28,0.0
2025-03-31,0.0
2025-04-01,0.0
2025-04-02,0.0
2025-04-03,0.0
2025-04-04,0.0
2025-04-07,0.0
2025-04-08,0.0
2025-04-09,0.0
2025-04-10,0.0
2025-04-11,0.0
2025-04-14,0.0
2025-04-15,0.0
2025-04-16,0.0
2025-04-17,0.0
2025-04-21,0.0
2025-04-22,0.0
2025-04-23,0.0
2025-04-24,0.0
2025-04-25,0.0
2025-04-28,0.0
2025-04-29,0.0
2025-04-30,0.0
2025-05-01,0.0
2025-05-02,0.0
2025-05-05,0.0
2025-05-06,0.0
2025-05-07,0.0
2025-05-08,0.0
2025-05-09,0.0
2025-05-12,0.0
2025-05-13,0.0
2025-05-14,0.0
2025-05-15,0.0
2025-05-16,0.0
2025-05-19,0.0
2025-05-20,0.0
2025-05-21,0.0
2025-05-22,0.0
2025-05-23,0.0
2025-05-27,0.0
2025-05-28,0.0
2025-05-29,0.009455957059270395
2025-05-30,-0.006656151948828903
2025-06-02,0.006445246806594751
2025-06-03,0.008954650839625489
2025-06-04,0.0016581175817781957
2025-06-05,-0.00255465039827113
2025-06-06,0.00710006848847633
2025-06-09,0.0030902360662334316
2025-06-10,0.0027809390085190844
2025-06-11,-0.0017557286387044069
2025-06-12,0.008097820451112403
2025-06-13,-0.010060412882434172
2025-06-16,0.009368515604395944
2025-06-17,-0.003695124132139904
2025-06-18,0.0034719789284797242
2025-06-20,-0.004866600617101785
2025-06-23,0.007529080489156403
2025-06-24,0.011344010857217257
2025-06-25,0.012076961628932847
2025-06-26,0.005736893342105864
2025-06-27,0.004885870799767877
2025-06-30,0.0023167071860199506
2025-07-01,-0.010196244129998061
2025-07-02,0.007087160792886321
2025-07-03,0.009238396679693617
2025-07-07,-0.00415015264324492
2025-07-08,0.0020911203977697634
2025-07-09,0.00946763039335452
2025-07-10,0.001569693050291171
2025-07-11,0.0012876350637969214
2025-07-14,-0.0009604725139736314
2025-07-15,0.010425666336865147
2025-07-16,0.0028485483198725375
2025-07-17,0.006747488414332009
2025-07-18,-0.000461034674790084
2025-07-21,0.0005244345927735983
2025-07-22,-0.006398535507461722
2025-07-23,0.007744999195048341
2025-07-24,0.00643648419803558
2025-07-25,0.002235973196630131
2025-07-28,0.004230063662024358
2025-07-29,-0.00562608885983551
2025-07-30,0.0027408239945600488
2025-07-31,0.005208612494055437
2025-08-01,-0.020581667304672924
2025-08-04,0.0195355626217264
2025-08-05,-0.007895350814521612
2025-08-06,0.0149373520435159
2025-08-07,0.007667459149806127
2025-08-08,0.015783984850233856
2025-08-11,-0.0035837440069535487
2025-08-12,0.010469282871707675
2025-08-13,-0.001371838549046711
2025-08-14,0.0009383804863534462
2025-08-15,-0.005124990413681557
2025-08-18,-0.0001243018578750421
2025-08-19,-0.014006895497990529
2025-08-20,-0.007925707491377831
2025-08-21,-0.003151269927169853
2025-08-22,0.012801352614781103
2025-08-25,-0.0006663911596968275
2025-08-26,0.005037432660885133
2025-08-27,0.003962724402914841
2025-08-28,0.0025926654936442306
2025-08-29,-0.011701129391871845
2025-09-02,-0.010113391653990833
2025-09-03,0.010756985810528558
2025-09-04,0.00628266539397071
2025-09-05,-0.013958681770142978
2025-09-08,0.0022733492903252994
2025-09-09,0.0006125994326351969
2025-09-10,0.003259762412732403
2025-09-11,0.005757434343113099
2025-09-12,0.009660308722854283
2025-09-15,0.006718507008682595
2025-09-16,-0.0059150841985852465
2025-09-17,-0.005509159663969226
2025-09-18,0.007972518577711085
2025-09-19,0.01451759028852545
2025-09-22,0.02009751732532325
2025-09-23,-0.012561379629863645
2025-09-24,-0.004472470310034532
2025-09-25,0.0028530607411030307
2025-09-26,0.00294775036172093
2025-09-29,0.0063643900246336815
2025-09-30,0.009268341818936932
2025-10-01,0.0033908339404060683
2025-10-02,0.0022254293458553176
2025-10-03,-3.887223272316942e-05
2025-10-06,0.002258224320204727
2025-10-07,-0.003976053627709419
2025-10-08,0.008944782856176503
2025-10-09,-0.001211654758431574
2025-10-10,-0.033078546562389816
2025-10-13,0.014826982104046593
2025-10-14,-0.01143301865421334
2025-10-15,0.0023481315529497726
2025-10-16,-0.0017311423869105502
2025-10-17,0.009210444301100074
2025-10-20,0.013230930839268101
2025-10-21,-0.0011034676975325841
2025-10-22,-0.00523326284990594
2025-10-23,0.0051921678085723455
2025-10-24,0.012255292356608383
2025-10-27,0.01944366512943363
2025-10-28,0.018257843782854444
2025-10-29,0.00800481254878635
2025-10-30,-0.013474085397572833
2025-10-31,-0.004401831694722275
2025-11-03,0.004292061735033603
2025-11-04,-0.013246055352597541
2025-11-05,-0.006904846823549027
2025-11-06,-0.0171149677487194
2025-11-07,-0.0010063564455534413
2025-11-10,0.024140777347565756
2025-11-11,-0.00010096251603122774
2025-11-12,0.000559769759440415
2025-11-13,-0.013701413310865454
2025-11-14,0.003892929438033932
2025-11-17,-0.011565064427789928
2025-11-18,-0.009138418979106805
2025-11-19,0.009125654969714514
2025-11-20,-0.013842112223193592
2025-11-21,0.004974680757893785
2025-11-24,0.01288816105329188
2025-11-25,-0.0031748423629032463
2025-11-26,0.005679805061091225
2025-11-28,-0.0019856654543314867
2025-12-01,0.006793244633824191
2025-12-02,0.0030667561240492053
2025-12-03,-0.0009163348327541065
2025-12-04,-0.0028525898828281604
2025-12-05,-0.0012351522121565872
2025-12-08,-0.0015491682049480204
2025-12-09,-0.0008545354111519354
2025-12-10,0.0031011660628096904
2025-12-11,-9.083973184897953e-05
2025-12-12,-0.0024631854385156193
2025-12-15,-0.00412396233592241
2025-12-16,-0.00022704979280649407
2025-12-17,-0.005272641200902345
2025-12-18,0.002209698382719616
2025-12-19,0.0036252304042898587
2025-12-22,-0.0009090364118525263
2025-12-23,0.0024250526152799767
2025-12-24,0.0022103593141224454
2025-12-26,-0.0003996892672472885
2025-12-29,-0.0005617087360250683
2025-12-30,-0.0009262850324760763
2025-12-31,-0.00448050135365928
